,CUSTOMER_ID,AGE,EDUCATION,NATIONALITY,YRS_WORK,YRS_ADDRESS,INCOME,DEBT_INCOME,CREDIT_DEBT,OTHER_DEBT,DEFAULT
0,10012,28.0,Med,N,7,2.0,44.0,17.7,2.99,4.8,N
1,10017,64.0,Posg,N,34,17.0,116.0,14.7,5.05,12.0,N
2,10030,40.0,Bas,N,20,12.0,61.0,4.8,1.04,1.89,N
3,10039,30.0,Bas,N,11,3.0,27.0,34.5,1.75,7.56,N
4,10069,25.0,Bas,N,2,2.0,30.0,22.4,0.76,5.96,S
5,10071,,Bas,N,2,9.0,38.0,10.9,1.46,2.68,S
6,10096,26.0,SupInc,N,2,4.0,38.0,11.9,0.95,3.57,S
7,10128,25.0,Bas,N,4,2.0,30.0,14.4,1.05,3.27,N
8,10129,65.0,SupCom,N,29,14.0,189.0,5.0,3.36,6.09,N
9,10140,21.0,SupInc,N,0,0.0,23.0,3.9,0.31,0.59,N
10,10142,62.0,Bas,N,33,13.0,96.0,17.5,6.69,10.11,N
11,10169,30.0,SupCom,N,4,3.0,39.0,10.6,2.39,1.74,S
12,10197,38.0,Posg,N,7,7.0,124.0,19.1,9.52,14.16,N
13,10200,18.0,Med,N,0,0.0,35.0,3.9,0.17,1.19,N
14,10218,53.0,Bas,N,9,13.0,41.0,13.3,2.33,3.12,N
15,10234,18.0,Med,N,0,0.0,15.0,7.4,0.83,0.28,S
16,10351,18.0,Med,N,0,0.0,56.0,15.7,1.84,6.95,S
17,10423,19.0,Bas,N,2,,31.0,0.3,0.02,0.07,S
18,10428,19.0,Med,N,0,0.0,26.0,5.8,0.59,0.92,S
19,10449,56.0,Med,N,27,21.0,125.0,8.5,2.9,7.72,N
20,10455,21.0,Med,N,1,1.0,40.0,7.6,1.52,1.52,S
21,10474,25.0,Bas,N,8,3.0,37.0,8.3,0.95,2.12,N
22,10525,47.0,SupInc,N,8,10.0,43.0,6.1,0.36,2.26,N
23,10564,40.0,SupCom,N,17,11.0,103.0,13.3,10.41,3.29,S
24,10567,41.0,Med,N,16,11.0,56.0,3.4,0.9,1.01,N
25,10746,23.0,SupCom,N,0,2.0,118.0,6.4,0.29,7.26,N
26,10775,45.0,Posg,N,1,4.0,58.0,15.4,2.37,6.57,S
27,10776,37.0,SupInc,N,15,10.0,65.0,5.0,1.3,1.95,N
28,10797,47.0,Med,N,23,14.0,46.0,11.7,0.84,4.54,N
29,10798,23.0,SupCom,N,0,2.0,42.0,6.7,1.58,1.23,N
30,10800,18.0,Med,N,0,0.0,19.0,5.2,0.32,0.67,S
31,10802,19.0,Med,N,0,0.0,21.0,2.0,0.28,0.14,S
32,10805,41.0,Bas,N,3,12.0,23.0,10.6,0.15,2.29,S
33,10824,42.0,Med,N,3,12.0,76.0,5.2,0.72,3.23,S
34,10839,29.0,SupCom,N,2,3.0,45.0,3.0,0.67,0.68,N
35,10870,24.0,SupCom,N,0,2.0,41.0,8.4,0.79,2.66,N
36,10884,45.0,Posg,N,9,11.0,48.0,10.2,3.53,1.37,N
37,10887,39.0,SupCom,N,8,9.0,259.0,7.2,1.55,17.1,N
38,10893,40.0,Med,N,15,6.0,46.0,10.6,0.82,4.06,N
39,10927,21.0,SupInc,N,0,0.0,17.0,17.6,1.37,1.62,S
40,10935,55.0,SupInc,N,34,16.0,150.0,9.9,0.73,14.12,N
41,11045,29.0,Med,N,6,4.0,35.0,3.3,0.2,0.96,S
42,11057,22.0,SupInc,N,0,0.0,24.0,5.2,0.28,0.97,S
43,11080,58.0,SupCom,N,24,18.0,70.0,6.8,2.3,2.46,N
44,11199,53.0,Med,N,14,19.0,67.0,6.1,1.06,3.02,N
45,11267,31.0,SupInc,N,5,7.0,25.0,6.8,0.43,1.27,N
46,11288,26.0,Bas,N,4,2.0,23.0,6.9,0.17,1.42,N
47,11307,23.0,SupCom,N,0,0.0,28.0,19.2,1.72,3.66,S
48,11329,25.0,Med,N,1,3.0,19.0,28.6,2.34,3.1,S
49,11337,52.0,SupInc,N,23,10.0,153.0,4.5,2.12,4.76,N
50,11344,25.0,SupInc,N,0,1.0,35.0,9.7,0.13,3.26,S
51,11363,22.0,SupCom,N,0,1.0,31.0,22.8,1.31,5.75,S
52,11423,38.0,SupInc,N,8,8.0,35.0,26.4,3.78,5.46,N
53,11461,42.0,Med,N,16,11.0,49.0,9.7,0.56,4.2,N
54,11466,52.0,Bas,N,5,18.0,36.0,9.8,1.4,2.13,N
55,11472,30.0,Bas,N,2,3.0,18.0,3.0,0.07,0.47,S
56,11475,59.0,SupCom,N,20,16.0,144.0,3.4,2.49,2.4,N
57,11512,34.0,SupInc,N,5,5.0,44.0,5.6,0.74,1.72,N
58,11557,33.0,Bas,N,11,6.0,52.0,9.1,0.95,3.79,S
59,11569,26.0,SupInc,N,2,3.0,21.0,8.2,0.54,1.18,N
60,11628,25.0,SupInc,N,2,1.0,26.0,11.9,1.24,1.86,S
61,11652,19.0,Med,N,0,0.0,43.0,21.2,3.43,5.69,S
62,11661,41.0,Posg,N,7,12.0,47.0,5.2,1.64,0.81,N
63,11690,36.0,Med,N,2,9.0,27.0,9.3,0.74,1.78,S
64,11703,20.0,Med,N,0,0.0,21.0,10.2,0.55,1.59,N
65,11712,35.0,Med,N,6,5.0,,2.5,0.45,0.2,N
66,11755,33.0,SupCom,N,3,4.0,34.0,1.2,0.23,0.18,N
67,11783,38.0,SupCom,N,0,12.0,37.0,2.0,0.1,0.64,N
68,11809,40.0,Med,N,6,6.0,36.0,6.6,1.58,0.8,S
69,11852,39.0,Med,N,7,6.0,82.0,17.4,3.71,10.56,N
70,11859,18.0,Med,N,0,0.0,12.0,8.2,0.15,0.83,S
71,11860,66.0,Bas,N,40,17.0,-149.0,13.1,7.79,11.73,N
72,11897,43.0,Med,N,6,6.0,40.0,6.6,0.5,2.14,N
73,11916,39.0,SupCom,N,14,8.0,46.0,6.5,0.5,2.49,N
74,11941,27.0,SupInc,N,5,4.0,27.0,10.5,0.99,1.84,N
75,11964,47.0,SupInc,N,17,13.0,111.0,8.8,5.73,4.03,N
76,11973,25.0,Bas,N,9,3.0,25.0,23.5,0.34,5.53,S
77,11995,57.0,SupInc,N,7,14.0,43.0,20.8,2.5,6.45,S
78,12099,69.0,Bas,N,6,24.0,60.0,18.6,1.27,9.89,N
79,12104,20.0,SupInc,N,0,0.0,22.0,4.2,0.54,0.39,S
80,12110,42.0,Bas,N,15,7.0,60.0,6.1,2.01,1.65,N
81,12133,33.0,Med,N,12,5.0,70.0,5.7,0.83,3.16,N
82,12149,1970.0,Med,N,10,7.0,29.0,4.2,0.47,0.74,N
83,12157,35.0,SupInc,N,0,7.0,36.0,4.7,0.55,1.15,N
84,12239,46.0,SupInc,N,20,16.0,122.0,6.7,2.89,5.28,N
85,12382,24.0,SupCom,N,0,1.0,27.0,4.2,0.44,0.69,N
86,12439,34.0,SupInc,N,7,8.0,43.0,30.3,3.92,9.11,S
87,12540,36.0,Med,N,7,4.0,41.0,18.9,3.18,4.57,N
88,12596,19.0,Bas,N,0,0.0,18.0,15.1,0.79,1.92,S
89,12638,29.0,Posg,N,1,4.0,51.0,1.3,0.28,0.38,N
90,12687,44.0,Med,N,7,9.0,59.0,8.4,1.77,3.19,N
91,12710,19.0,Med,N,0,0.0,28.0,11.7,0.82,2.45,N
92,12729,39.0,Bas,N,2,9.0,29.0,3.7,0.48,0.6,N
93,12759,30.0,SupCom,N,5,5.0,222.0,2.9,1.97,4.47,N
94,12779,72.0,Med,N,44,13.0,187.0,9.2,4.71,12.49,N
95,12841,18.0,Med,N,0,0.0,30.0,7.0,0.81,1.29,S
96,12910,28.0,SupInc,N,7,5.0,30.0,8.5,0.46,2.09,N
97,12946,24.0,Bas,N,5,2.0,27.0,10.0,1.29,1.41,N
98,13005,33.0,Med,N,8,4.0,45.0,12.1,0.11,5.34,N
99,13013,34.0,SupCom,N,11,4.0,132.0,,1.51,4.69,N
100,60060,46.0,SupCom,N,7,16.0,41.0,2.5,0.35,0.67,N
101,60063,36.0,Med,N,16,4.0,96.0,12.2,5.42,6.29,N
102,60070,45.0,Bas,N,13,7.0,65.0,28.6,10.73,7.86,S
103,60087,59.0,Bas,N,34,26.0,154.0,8.5,8.33,4.76,N
104,60090,35.0,Med,N,9,1.0,80.0,12.9,4.28,6.04,S
105,60112,62.0,SupCom,N,31,22.0,387.0,15.0,5.4,52.65,N
106,60199,29.0,SupCom,N,1,4.0,38.0,4.5,0.82,0.89,S
107,60220,56.0,SupInc,N,30,14.0,167.0,1.4,0.46,1.88,N
108,60229,24.0,Med,N,4,1.0,39.0,21.5,3.97,4.42,S
109,60237,32.0,SupInc,N,1,6.0,45.0,13.9,1.51,4.74,S
110,60256,25.0,Med,N,6,2.0,29.0,5.9,0.64,1.07,N
111,60309,37.0,Bas,N,9,6.0,33.0,1.2,0.11,0.28,N
112,60324,27.0,SupInc,N,1,2.0,28.0,23.5,0.82,5.76,N
113,60346,56.0,Med,N,37,10.0,160.0,11.4,6.77,11.47,N
114,60410,31.0,Med,N,11,6.0,61.0,34.4,9.48,11.5,S
115,60435,59.0,Bas,N,31,15.0,86.0,6.8,1.61,4.23,N
116,60494,65.0,SupInc,N,26,16.0,186.0,4.2,2.98,4.83,N
117,60497,26.0,Bas,N,0,3.0,29.0,16.9,3.09,1.81,S
118,60499,27.0,SupInc,N,3,4.0,68.0,24.9,5.23,11.7,S
119,60515,30.0,Bas,N,6,3.0,22.0,15.5,0.13,3.28,S
120,60625,43.0,Bas,N,22,13.0,96.0,1.2,0.34,0.81,N
121,60634,30.0,SupCom,N,4,5.0,64.0,14.1,2.83,6.19,N
122,60657,18.0,Med,N,0,0.0,19.0,14.0,0.56,2.1,S
123,60686,24.0,SupInc,N,1,1.0,33.0,14.0,0.06,4.56,N
124,60777,31.0,SupCom,N,0,6.0,28.0,4.5,0.07,1.19,N
125,60925,25.0,Bas,N,4,3.0,31.0,3.1,0.37,0.59,N
126,60937,24.0,SupCom,N,0,2.0,48.0,1.2,0.06,0.51,S
127,60942,26.0,SupInc,N,2,3.0,37.0,3.1,0.35,0.8,N
128,60944,33.0,Med,N,13,5.0,54.0,16.2,2.88,5.87,S
129,60947,44.0,SupCom,N,18,9.0,136.0,4.2,1.42,4.3,N
130,60949,18.0,Med,N,0,0.0,16.0,6.0,0.4,0.56,N
131,60980,29.0,SupInc,N,1,2.0,34.0,15.5,0.39,4.88,S
132,61081,21.0,SupInc,N,0,1.0,27.0,16.5,1.16,3.3,N
133,61231,41.0,Med,N,22,13.0,54.0,4.1,0.82,1.39,N
134,61255,40.0,SupCom,N,11,8.0,238.0,7.9,6.34,12.47,N
135,61272,37.0,Bas,N,5,10.0,21.0,14.5,0.71,2.33,N
136,61437,24.0,Bas,N,6,3.0,36.0,13.2,1.92,2.83,N
137,61475,24.0,SupCom,N,0,4.0,18.0,2.9,0.18,0.34,N
138,61481,18.0,Med,N,0,0.0,25.0,2.9,0.56,0.16,N
139,61510,30.0,SupCom,N,5,6.0,95.0,7.0,3.46,3.19,N
140,61513,36.0,Bas,N,4,8.0,45.0,13.2,0.33,5.61,N
141,61536,34.0,,N,14,9.0,39.0,11.4,2.71,1.73,N
142,61605,63.0,SupInc,N,8,25.0,92.0,5.6,0.89,4.27,N
143,61632,56.0,Posg,N,16,19.0,232.0,2.8,2.1,4.39,N
144,61637,41.0,Med,N,9,8.0,68.0,28.3,4.52,14.72,S
145,61638,23.0,SupCom,N,0,1.0,53.0,3.0,0.63,0.96,S
146,61685,25.0,Posg,N,0,3.0,32.0,14.6,1.45,3.22,S
147,61722,22.0,Bas,N,1,1.0,22.0,3.2,0.16,0.55,N
148,61760,58.0,Med,N,19,9.0,114.0,6.4,0.28,7.02,N
149,61791,31.0,SupInc,N,7,5.0,53.0,2.7,0.73,0.7,N
150,61800,47.0,Med,N,6,10.0,40.0,8.7,1.31,2.17,S
151,61802,55.0,Med,N,13,11.0,63.0,17.5,2.56,8.47,N
152,61844,39.0,Med,N,9,5.0,,9.2,2.08,3.44,N
153,61875,27.0,Posg,N,0,4.0,30.0,4.3,0.42,0.87,N
154,61881,30.0,SupInc,N,7,4.0,60.0,21.6,5.57,7.39,S
155,61920,35.0,Med,N,6,5.0,32.0,7.6,0.82,1.61,N
156,61946,30.0,SupCom,N,4,7.0,30.0,9.2,0.89,1.87,N
157,61952,19.0,Med,N,0,0.0,23.0,8.8,1.11,0.92,N
158,61972,38.0,SupCom,N,14,4.0,98.0,16.5,1.34,14.83,N
159,61980,20.0,Med,N,1,0.0,19.0,8.0,0.78,0.74,N
160,62038,43.0,Med,N,14,8.0,61.0,10.8,2.17,4.41,N
161,62060,25.0,Med,N,2,3.0,25.0,9.9,1.4,1.08,N
162,62074,41.0,Bas,N,11,5.0,36.0,10.2,1.37,2.31,S
163,62109,37.0,SupInc,N,3,4.0,36.0,6.7,0.68,1.73,N
164,62155,22.0,Bas,N,0,2.0,17.0,3.7,0.14,0.49,S
165,62168,23.0,Med,N,0,3.0,27.0,17.6,2.13,2.62,S
166,62184,45.0,SupCom,N,1,8.0,60.0,9.9,1.14,4.8,S
167,62219,19.0,Bas,N,1,0.0,20.0,8.8,0.55,1.21,N
168,62223,26.0,Med,N,6,3.0,23.0,13.6,0.13,3.0,N
169,62229,25.0,SupCom,N,0,2.0,21.0,22.3,1.68,3.01,S
170,62238,49.0,SupCom,N,1,8.0,51.0,11.2,1.86,3.85,N
171,62301,76.0,Bas,N,15,20.0,26.0,5.6,0.14,1.32,N
172,62380,28.0,SupInc,N,1,3.0,16.0,5.2,0.5,0.33,N
173,62399,37.0,Bas,N,18,8.0,36.0,4.8,0.44,1.29,N
174,62406,41.0,Bas,N,9,8.0,29.0,5.6,0.25,1.38,N
175,62428,30.0,Med,N,8,4.0,68.0,2.4,0.27,1.36,N
176,62534,39.0,SupInc,N,4,9.0,78.0,14.0,7.21,3.71,S
177,62545,25.0,SupInc,N,2,2.0,19.0,3.4,0.19,0.46,N
178,62573,26.0,Posg,N,0,4.0,19.0,7.7,0.67,0.79,N
179,62602,24.0,Bas,N,8,2.0,28.0,6.6,0.26,1.59,N
180,62610,61.0,Bas,N,0,10.0,42.0,18.4,4.01,3.72,N
181,62637,26.0,Med,N,6,2.0,38.0,10.6,2.57,1.46,N
182,62645,18.0,Med,N,0,0.0,44.0,9.2,1.25,2.8,N
183,62691,41.0,Med,N,21,8.0,189.0,6.3,6.22,5.69,N
184,62693,49.0,SupInc,N,9,16.0,64.0,6.1,0.33,3.57,N
185,62744,18.0,Bas,N,0,0.0,20.0,3.9,0.37,0.41,N
186,62750,18.0,Med,N,0,0.0,24.0,6.5,0.3,1.26,N
187,62792,52.0,SupCom,N,2,12.0,96.0,7.1,2.28,4.54,S
188,62812,32.0,Med,N,2,6.0,30.0,9.4,1.18,1.64,N
189,62835,27.0,Med,N,6,5.0,42.0,9.1,2.19,1.64,S
190,62837,23.0,SupInc,N,0,2.0,57.0,17.8,2.73,7.42,S
191,62863,29.0,SupCom,N,3,3.0,46.0,8.1,0.29,3.44,N
192,62867,73.0,Med,N,53,25.0,410.0,4.1,3.11,13.7,N
193,62923,31.0,SupCom,N,3,5.0,22.0,4.6,0.23,0.79,N
194,62975,19.0,Med,N,0,0.0,28.0,9.1,0.87,1.68,S
195,63023,57.0,Med,N,4,9.0,39.0,4.3,0.56,1.12,N
196,63041,18.0,Med,N,0,0.0,19.0,1.5,0.06,0.22,N
197,63054,22.0,Bas,N,1,1.0,19.0,8.9,0.49,1.2,N
198,63055,21.0,Med,N,0,1.0,30.0,4.3,0.18,1.11,N
199,63071,33.0,SupInc,N,4,4.0,60.0,9.5,1.61,4.09,N
200,70016,21.0,SupInc,N,0,1.0,41.0,23.4,1.97,7.63,S
201,70065,42.0,SupInc,N,18,15.0,63.0,11.3,2.54,4.58,N
202,70093,32.0,SupInc,N,10,5.0,38.0,11.5,1.05,3.32,N
203,70178,33.0,SupCom,N,5,4.0,105.0,13.4,7.05,7.02,S
204,70186,73.0,Bas,N,50,34.0,289.0,8.4,7.84,16.43,N
205,70221,61.0,SupCom,N,23,20.0,81.0,8.9,1.7,5.51,N
206,70248,38.0,Posg,N,2,8.0,229.0,6.7,3.94,11.4,N
207,70269,46.0,SupInc,N,13,11.0,45.0,22.2,3.33,6.66,S
208,70325,20.0,SupInc,N,0,0.0,20.0,7.2,0.34,1.1,S
209,70403,19.0,Med,N,0,0.0,24.0,15.6,0.75,3.0,S
210,70412,28.0,SupCom,N,0,4.0,47.0,18.6,6.71,2.04,S
211,70430,24.0,SupCom,N,0,2.0,21.0,6.6,0.58,0.81,S
212,70522,53.0,Bas,N,1,12.0,30.0,8.8,0.41,2.23,N
213,70525,35.0,Med,N,14,7.0,62.0,8.2,0.6,4.48,N
214,70548,43.0,Med,N,7,11.0,53.0,3.7,0.85,1.11,N
215,70553,32.0,Bas,N,9,6.0,33.0,8.1,1.15,1.52,N
216,70558,27.0,Bas,N,9,1.0,28.0,5.7,0.11,1.49,N
217,70567,18.0,Med,N,0,0.0,22.0,1.5,0.13,0.2,N
218,70673,19.0,Med,N,0,0.0,31.0,28.7,5.36,3.53,S
219,70687,18.0,Med,N,0,0.0,36.0,6.2,1.05,1.18,S
220,70710,54.0,Med,N,20,15.0,82.0,20.0,4.35,12.05,N
221,70770,43.0,SupInc,N,0,4.0,31.0,2.4,0.28,0.46,N
222,70849,50.0,Med,N,15,14.0,65.0,12.6,3.05,5.14,N
223,70886,26.0,Bas,N,10,3.0,31.0,8.8,0.78,1.95,N
224,70888,35.0,Med,N,4,2.0,57.0,6.0,1.29,2.13,N
225,70907,47.0,Med,N,6,12.0,34.0,4.4,0.53,0.97,N
226,70938,31.0,Posg,N,2,5.0,19.0,15.9,0.94,2.08,N
227,71122,40.0,SupInc,N,7,11.0,53.0,12.4,1.48,5.09,N
228,71175,56.0,SupCom,N,14,25.0,206.0,27.9,15.29,42.19,S
229,71264,34.0,SupCom,N,3,8.0,72.0,7.6,0.38,5.09,N
230,71270,18.0,Med,N,0,0.0,18.0,12.7,0.65,1.64,S
231,71417,46.0,Med,N,24,10.0,78.0,6.9,2.74,2.64,N
232,71424,31.0,Med,N,2,6.0,45.0,3.1,0.43,0.96,N
233,71431,25.0,Med,N,1,1.0,16.0,2.1,0.15,0.19,N
234,71439,79.0,Bas,N,63,18.0,497.0,8.2,15.08,25.68,N
235,71522,43.0,SupInc,N,21,14.0,125.0,11.5,6.33,8.05,N
236,71585,26.0,Bas,N,9,3.0,41.0,22.1,0.62,8.44,N
237,71630,26.0,SupInc,N,1,4.0,36.0,12.5,1.59,2.91,N
238,71699,18.0,Bas,N,0,0.0,28.0,17.0,1.75,3.01,S
239,71730,30.0,Med,N,0,4.0,25.0,7.4,0.26,1.59,N
240,71732,47.0,SupInc,N,3,8.0,69.0,5.2,0.9,2.69,N
241,71758,18.0,Med,N,0,0.0,35.0,12.4,1.13,3.21,N
242,71761,30.0,Bas,N,13,3.0,38.0,4.6,0.34,1.41,N
243,71782,21.0,SupInc,N,0,1.0,25.0,6.7,1.29,0.38,S
244,71784,33.0,SupCom,N,4,9.0,119.0,15.3,6.57,11.63,S
245,71812,36.0,Med,N,3,6.0,28.0,4.9,0.26,1.12,N
246,71817,26.0,Med,N,7,3.0,49.0,17.7,5.38,3.3,S
247,71896,20.0,SupInc,N,0,0.0,21.0,1.3,0.18,0.09,S
248,72021,56.0,Med,N,19,8.0,76.0,1.2,0.18,0.73,N
249,72023,42.0,SupCom,N,7,12.0,130.0,11.6,3.33,11.75,S
250,72147,23.0,SupCom,N,0,3.0,47.0,8.9,0.62,3.56,N
251,72213,32.0,SupInc,N,3,8.0,86.0,7.9,2.2,4.59,N
252,72221,20.0,SupInc,N,0,0.0,30.0,10.6,2.53,0.65,S
253,72302,19.0,Med,N,0,0.0,21.0,12.0,0.35,2.17,N
254,72307,26.0,Med,N,1,0.0,26.0,11.1,1.69,1.19,S
255,72327,19.0,Med,N,0,0.0,20.0,0.1,0.01,0.01,S
256,72385,59.0,SupInc,N,31,21.0,102.0,0.3,0.1,0.2,N
257,72447,21.0,SupInc,N,0,1.0,13.0,8.3,0.45,0.63,S
258,72506,39.0,SupCom,N,14,6.0,152.0,27.4,13.41,28.24,S
259,72584,18.0,Med,N,0,0.0,12.0,3.3,0.11,0.29,S
260,72633,20.0,Med,N,0,0.0,38.0,7.5,0.36,2.49,N
261,72635,33.0,SupCom,N,1,6.0,23.0,4.2,0.19,0.77,S
262,72704,19.0,Bas,N,1,0.0,16.0,3.4,0.31,0.24,S
263,72756,29.0,SupInc,N,5,5.0,52.0,16.8,5.63,3.1,N
264,72803,70.0,SupInc,N,48,25.0,165.0,14.8,0.56,23.86,N
265,72806,44.0,Bas,N,22,8.0,93.0,9.0,4.38,3.99,N
266,72846,40.0,Med,N,20,10.0,117.0,11.9,4.94,8.98,N
267,72860,21.0,Med,N,1,1.0,23.0,7.4,0.26,1.44,S
268,72954,43.0,Med,N,8,11.0,48.0,9.7,1.32,3.34,N
269,73016,27.0,Med,N,3,4.0,28.0,4.2,0.54,0.64,N
270,73083,21.0,SupInc,N,0,1.0,21.0,10.4,1.54,0.65,N
271,73188,29.0,Med,N,3,5.0,45.0,14.1,1.68,4.66,S
272,73525,41.0,Med,N,2,10.0,40.0,7.9,0.31,2.85,N
273,73537,28.0,SupCom,N,5,3.0,30.0,7.0,0.46,1.64,N
274,73591,48.0,Med,N,5,10.0,43.0,6.9,2.26,0.7,S
275,73650,25.0,Posg,N,0,3.0,66.0,2.8,0.9,0.94,N
276,73703,41.0,Med,N,3,7.0,62.0,7.0,2.89,1.45,S
277,73741,22.0,Med,N,1,2.0,24.0,16.1,0.8,3.07,N
278,73764,47.0,SupInc,N,8,11.0,43.0,11.8,2.27,2.8,N
279,73864,18.0,Med,N,0,0.0,24.0,5.3,0.59,0.68,N
280,73907,28.0,Posg,N,0,4.0,50.0,8.6,0.28,4.02,N
281,73999,41.0,Med,N,5,8.0,37.0,5.8,0.35,1.8,N
282,74006,31.0,Med,N,2,7.0,42.0,10.3,0.86,3.47,S
283,74096,19.0,Med,N,0,0.0,21.0,14.3,1.22,1.78,N
284,74136,31.0,SupInc,N,1,7.0,28.0,2.0,0.17,0.39,N
285,74169,18.0,Med,N,0,0.0,21.0,21.8,1.44,3.14,S
286,74209,39.0,Med,N,5,5.0,39.0,4.2,0.72,0.92,N
287,74221,20.0,Med,N,0,0.0,17.0,7.3,0.57,0.67,S
288,74272,31.0,SupCom,N,8,4.0,29.0,6.8,1.12,0.85,N
289,74287,23.0,Bas,N,3,1.0,41.0,5.5,0.67,1.58,N
290,74372,25.0,SupInc,N,3,3.0,58.0,20.6,3.5,8.45,N
291,74378,29.0,SupCom,N,3,1.0,47.0,2.9,0.53,0.83,N
292,74394,38.0,SupInc,N,15,4.0,136.0,20.2,6.76,20.71,S
293,74471,39.0,Bas,N,8,9.0,41.0,0.1,0.03,0.01,N
294,74498,28.0,SupCom,N,4,4.0,20.0,15.5,0.3,2.8,S
295,74528,40.0,SupInc,N,10,12.0,38.0,6.1,0.92,1.4,N
296,74547,46.0,SupInc,N,2,13.0,56.0,2.3,0.41,0.87,N
297,74589,61.0,Bas,N,45,22.0,209.0,10.9,4.12,18.66,N
298,74658,49.0,SupCom,N,18,13.0,182.0,4.8,0.94,7.79,N
299,74677,71.0,Med,N,35,19.0,131.0,11.6,6.03,9.16,N
300,95009,20.0,Bas,N,2,0.0,20.0,2.7,0.2,0.34,S
301,95034,20.0,SupInc,N,0,0.0,20.0,11.3,1.96,0.3,S
302,95050,18.0,Med,N,0,0.0,29.0,5.6,0.9,0.73,N
303,95066,32.0,Posg,N,3,6.0,59.0,9.0,1.85,3.46,N
304,95138,42.0,SupInc,N,2,13.0,22.0,13.6,1.46,1.53,S
305,95177,43.0,SupInc,N,9,9.0,57.0,4.5,1.81,0.76,N
306,95185,27.0,Bas,N,7,5.0,43.0,10.0,1.2,3.1,N
307,95204,23.0,Med,N,3,2.0,66.0,2.7,0.79,0.99,N
308,95209,21.0,Med,N,1,0.0,33.0,13.1,1.31,3.01,S
309,95220,49.0,SupInc,N,24,11.0,90.0,13.9,8.06,4.45,N
310,95299,49.0,Med,N,28,11.0,93.0,12.8,1.56,10.34,N
311,95372,19.0,Med,N,0,0.0,28.0,9.7,1.35,1.37,S
312,95384,24.0,SupCom,N,0,2.0,21.0,11.0,0.72,1.59,S
313,95388,23.0,SupCom,N,0,1.0,30.0,12.8,2.3,1.54,S
314,95450,43.0,SupInc,N,13,9.0,82.0,9.9,1.78,6.34,N
315,95481,28.0,Med,N,8,3.0,22.0,5.4,0.17,1.02,N
316,95530,26.0,SupCom,N,2,3.0,36.0,14.4,1.89,3.29,S
317,95541,40.0,SupCom,N,7,11.0,33.0,12.4,0.65,3.45,N
318,95582,47.0,Bas,N,22,17.0,108.0,8.9,1.37,8.24,N
319,95633,19.0,Med,N,0,0.0,22.0,16.8,1.64,2.06,S
320,95641,71.0,Bas,N,18,27.0,57.0,11.5,2.58,3.97,N
321,95723,72.0,SupCom,N,26,24.0,146.0,12.6,2.12,16.28,N
322,95739,45.0,Med,N,1,10.0,43.0,2.8,0.38,0.82,N
323,95833,20.0,SupInc,N,0,0.0,29.0,17.0,1.93,3.0,S
324,95858,42.0,Med,N,7,8.0,47.0,7.8,1.02,2.65,N
325,95859,33.0,SupCom,N,1,3.0,40.0,13.3,0.87,4.45,N
326,95998,42.0,Med,N,19,8.0,63.0,20.4,5.31,7.54,N
327,96001,20.0,SupInc,N,0,0.0,28.0,10.4,0.93,1.98,S
328,96007,20.0,SupInc,N,0,1.0,19.0,4.5,0.35,0.51,N
329,96037,20.0,SupInc,N,0,0.0,20.0,13.5,0.59,2.11,N
330,96088,34.0,SupInc,N,11,5.0,68.0,11.9,3.37,4.73,N
331,96098,39.0,Bas,N,12,11.0,47.0,9.5,1.03,3.43,N
332,96116,42.0,Bas,N,2,10.0,38.0,3.6,0.39,0.98,S
333,96167,61.0,Bas,N,7,22.0,35.0,10.4,0.7,2.94,N
334,96197,30.0,SupCom,N,2,6.0,61.0,2.9,0.64,1.13,S
335,96228,39.0,SupCom,N,12,9.0,82.0,6.2,1.79,3.29,N
336,96253,26.0,SupInc,N,5,2.0,25.0,10.8,1.13,1.57,N
337,96263,62.0,SupInc,N,12,10.0,108.0,7.3,1.38,6.5,N
338,96479,48.0,Med,N,17,8.0,81.0,30.0,11.64,12.66,S
339,96521,39.0,SupInc,N,17,9.0,165.0,3.3,2.55,2.89,N
340,96536,51.0,Bas,N,33,13.0,234.0,9.6,4.25,18.22,N
341,96611,31.0,SupInc,N,4,6.0,43.0,6.9,0.66,2.31,N
342,96627,45.0,SupInc,N,19,7.0,286.0,5.0,4.53,9.77,N
343,96714,44.0,SupCom,N,0,9.0,167.0,10.6,7.79,9.91,S
344,96732,28.0,Med,N,9,3.0,36.0,3.2,0.09,1.06,N
345,96945,36.0,SupInc,N,8,4.0,41.0,11.1,1.57,2.98,S
346,96961,38.0,Posg,N,4,5.0,66.0,10.7,2.4,4.66,S
347,97000,61.0,Med,N,22,6.0,108.0,22.2,6.04,17.93,N
348,97003,66.0,SupInc,N,6,20.0,61.0,7.7,1.2,3.49,S
349,97045,24.0,Med,N,5,3.0,31.0,10.4,0.7,2.52,N
350,97048,45.0,Bas,N,12,10.0,44.0,9.8,1.6,2.72,N
351,97147,47.0,Posg,N,8,13.0,33.0,15.4,1.71,3.37,N
352,97173,19.0,Med,N,0,0.0,25.0,3.9,0.68,0.29,S
353,97191,28.0,Med,N,2,5.0,26.0,23.6,0.74,5.4,S
354,97247,40.0,SupCom,N,3,10.0,35.0,10.0,1.09,2.42,S
355,97289,25.0,SupCom,N,1,1.0,27.0,14.2,0.46,3.38,N
356,97350,64.0,Bas,N,26,26.0,56.0,20.3,2.01,9.36,N
357,97355,40.0,SupInc,N,15,4.0,78.0,15.5,3.52,8.57,N
358,97357,37.0,Posg,N,1,10.0,90.0,1.8,0.25,1.37,N
359,97402,56.0,Med,N,35,14.0,236.0,3.9,6.68,2.52,N
360,97548,33.0,SupInc,N,8,4.0,102.0,28.8,7.93,21.44,S
361,97595,66.0,SupInc,N,30,22.0,104.0,6.7,2.29,4.68,N
362,97629,18.0,Med,N,0,0.0,28.0,9.9,1.05,1.72,N
363,97815,52.0,SupInc,N,28,23.0,108.0,3.9,2.21,2.0,N
364,97845,46.0,Bas,N,2,10.0,38.0,8.2,0.5,2.62,S
365,97911,51.0,Med,N,3,14.0,19.0,4.9,0.34,0.59,N
366,97992,34.0,Med,N,6,4.0,45.0,9.1,1.31,2.78,N
367,98023,19.0,Med,N,0,0.0,18.0,6.3,0.26,0.87,N
368,98041,52.0,Bas,N,33,12.0,80.0,9.0,1.06,6.14,N
369,98114,24.0,Bas,N,2,2.0,29.0,23.6,0.47,6.38,N
370,98144,35.0,SupCom,N,5,4.0,47.0,16.1,3.18,4.39,S
371,98195,29.0,SupCom,N,1,4.0,50.0,15.1,2.67,4.88,S
372,98277,47.0,Med,N,10,10.0,48.0,7.0,1.98,1.38,N
373,98410,26.0,SupInc,N,4,4.0,50.0,0.8,0.13,0.27,N
374,98611,27.0,SupCom,N,2,3.0,34.0,11.4,2.16,1.72,N
375,98648,19.0,Med,N,0,0.0,36.0,6.7,0.89,1.52,N
376,98678,51.0,Med,N,28,20.0,134.0,4.1,1.75,3.74,N
377,98849,46.0,Bas,N,13,12.0,94.0,15.7,8.31,6.45,S
378,98854,23.0,SupInc,N,1,1.0,30.0,13.6,2.04,2.04,S
379,98855,19.0,Med,N,0,0.0,20.0,5.6,0.16,0.96,S
380,98961,23.0,Med,N,3,1.0,27.0,17.8,0.93,3.88,S
381,98972,30.0,SupCom,N,1,6.0,16.0,8.5,1.08,0.28,S
382,98987,21.0,SupInc,N,0,0.0,35.0,6.8,0.91,1.47,S
383,99058,20.0,SupInc,N,0,0.0,35.0,5.8,0.76,1.27,N
384,99139,23.0,SupCom,N,0,2.0,36.0,1.1,0.1,0.29,N
385,99161,46.0,SupInc,N,2,14.0,27.0,12.1,0.55,2.72,N
386,99306,43.0,Med,N,20,8.0,180.0,7.3,4.2,8.94,N
387,99337,27.0,Med,N,5,3.0,28.0,5.2,0.5,0.96,N
388,99363,45.0,Bas,N,3,13.0,38.0,22.1,2.59,5.8,S
389,99378,22.0,SupInc,N,1,2.0,27.0,9.8,0.25,2.4,N
390,99388,41.0,Med,N,13,7.0,50.0,14.2,3.72,3.38,S
391,99395,52.0,Bas,N,8,6.0,43.0,17.5,3.44,4.09,N
392,99428,53.0,Med,N,34,18.0,251.0,15.9,12.37,27.54,N
393,99436,20.0,SupInc,N,0,0.0,45.0,7.7,1.14,2.32,S
394,99449,30.0,Posg,N,2,8.0,99.0,1.5,0.8,0.69,N
395,99476,68.0,Med,N,0,17.0,22.0,12.5,1.05,1.7,N
396,99524,31.0,SupCom,N,0,7.0,41.0,3.8,1.11,0.44,N
397,99592,54.0,Med,N,2,21.0,32.0,6.7,0.17,1.97,N
398,99593,26.0,SupInc,N,2,3.0,38.0,7.6,1.39,1.49,S
399,99634,32.0,Med,N,12,6.0,61.0,8.2,0.3,4.71,N
400,120070,27.0,Med,N,4,2.0,34.0,15.1,0.84,4.3,N
401,120073,60.0,SupInc,N,22,10.0,60.0,22.3,3.25,10.13,N
402,120117,47.0,Med,N,13,19.0,58.0,3.5,0.62,1.41,N
403,120155,47.0,Med,N,6,11.0,75.0,15.2,2.93,8.47,N
404,120174,69.0,SupCom,N,7,20.0,75.0,13.5,1.03,9.09,S
405,120175,45.0,Med,N,7,8.0,32.0,5.4,0.13,1.6,N
406,120194,29.0,SupInc,N,2,5.0,31.0,6.8,1.41,0.7,N
407,120199,29.0,SupInc,N,4,5.0,67.0,7.9,0.93,4.36,N
408,120278,27.0,Bas,N,5,2.0,33.0,5.1,0.58,1.1,N
409,120285,44.0,Bas,N,9,3.0,37.0,18.4,2.92,3.89,N
410,120304,21.0,SupInc,N,0,1.0,55.0,17.1,6.9,2.5,S
411,120306,26.0,SupInc,N,4,4.0,28.0,15.0,2.38,1.82,N
412,120397,56.0,SupInc,N,26,13.0,384.0,11.2,23.31,19.7,S
413,120428,38.0,SupCom,N,4,8.0,91.0,3.9,1.02,2.53,S
414,120482,42.0,SupCom,N,17,8.0,54.0,10.3,0.29,5.27,N
415,120611,43.0,SupInc,N,13,11.0,59.0,11.0,1.72,4.77,S
416,120614,37.0,Med,N,17,6.0,123.0,10.6,3.89,9.15,N
417,120633,64.0,SupInc,N,15,22.0,227.0,29.9,35.97,31.9,S
418,120651,39.0,Med,N,0,10.0,38.0,7.5,0.2,2.65,N
419,120658,21.0,Med,N,1,0.0,20.0,20.3,0.41,3.65,N
420,120708,30.0,SupCom,N,5,3.0,62.0,2.6,0.7,0.91,N
421,120724,52.0,Med,N,9,12.0,72.0,15.4,4.08,7.01,N
422,120769,40.0,SupCom,N,5,9.0,62.0,8.0,1.49,3.47,S
423,120806,23.0,Med,N,3,2.0,25.0,2.5,0.17,0.45,N
424,120822,40.0,Med,N,2,7.0,32.0,3.4,0.18,0.91,N
425,120942,19.0,Med,N,0,0.0,37.0,3.0,0.21,0.9,N
426,120999,22.0,SupCom,N,0,0.0,36.0,3.3,0.28,0.91,N
427,121027,50.0,Bas,N,20,11.0,67.0,18.4,7.24,5.09,S
428,121055,36.0,Posg,N,7,12.0,67.0,8.2,3.1,2.4,N
429,121097,47.0,SupInc,N,14,16.0,36.0,0.9,0.08,0.24,N
430,121113,19.0,Med,N,0,0.0,50.0,1.8,0.49,0.41,N
431,121151,32.0,SupInc,N,10,7.0,70.0,3.2,0.85,1.39,S
432,121201,20.0,SupInc,N,0,0.0,32.0,8.5,1.11,1.61,N
433,121202,20.0,Med,N,0,0.0,26.0,4.0,0.39,0.65,S
434,121206,22.0,SupCom,N,0,2.0,31.0,7.6,0.2,2.16,N
435,121261,23.0,SupCom,N,0,2.0,45.0,10.7,0.61,4.2,S
436,121266,62.0,Med,N,4,5.0,38.0,11.3,0.94,3.35,N
437,121285,29.0,Med,N,9,3.0,69.0,6.7,1.07,3.55,N
438,121287,34.0,Bas,N,6,6.0,33.0,6.4,0.53,1.59,N
439,121349,18.0,Med,N,0,0.0,25.0,6.2,0.62,0.93,S
440,121353,23.0,SupInc,N,2,2.0,47.0,14.6,2.94,3.93,S
441,121366,35.0,Bas,N,5,8.0,62.0,8.5,1.99,3.28,S
442,121378,30.0,SupInc,N,5,3.0,27.0,6.2,0.86,0.81,N
443,121380,36.0,SupInc,N,7,10.0,118.0,11.2,8.48,4.73,S
444,121382,18.0,Med,N,0,0.0,28.0,2.4,0.22,0.45,S
445,121498,26.0,Med,N,2,4.0,30.0,40.7,5.49,6.72,S
446,121541,18.0,Med,N,0,0.0,33.0,8.2,0.84,1.87,S
447,121565,31.0,Med,N,11,8.0,47.0,26.9,3.51,9.13,N
448,121595,33.0,SupInc,N,3,2.0,46.0,3.8,0.41,1.34,N
449,121735,20.0,Bas,N,2,0.0,20.0,18.8,1.19,2.57,S
450,121758,22.0,SupCom,N,0,1.0,36.0,10.7,1.67,2.18,S
451,121775,22.0,Med,N,3,1.0,45.0,11.1,1.85,3.15,N
452,121777,22.0,Bas,N,4,1.0,24.0,4.4,0.53,0.52,N
453,121795,26.0,SupCom,N,0,2.0,103.0,14.3,8.54,6.19,S
454,121826,34.0,Bas,N,10,7.0,96.0,5.4,1.65,3.53,N
455,121865,30.0,Bas,N,13,2.0,42.0,15.3,0.94,5.48,N
456,121921,40.0,SupInc,N,15,5.0,53.0,23.5,1.91,10.55,S
457,121925,21.0,Med,N,1,0.0,43.0,14.1,3.38,2.69,S
458,121968,20.0,Med,N,0,0.0,28.0,18.0,3.07,1.97,S
459,121979,18.0,Med,N,0,0.0,20.0,14.5,0.33,2.57,N
460,122000,53.0,Med,N,24,8.0,129.0,2.7,1.01,2.48,N
461,122036,70.0,Med,N,27,21.0,92.0,9.3,3.01,5.54,N
462,122060,26.0,Posg,N,0,3.0,49.0,4.4,0.95,1.21,N
463,122066,43.0,Med,N,16,7.0,119.0,18.1,8.16,13.38,S
464,122084,38.0,SupInc,N,3,3.0,34.0,3.9,0.86,0.46,N
465,122157,31.0,Med,N,3,6.0,45.0,0.7,0.13,0.19,N
466,122192,24.0,SupCom,N,0,1.0,35.0,1.2,0.04,0.38,S
467,122205,44.0,SupCom,N,21,14.0,314.0,4.7,3.5,11.26,N
468,122365,62.0,Posg,N,31,14.0,699.0,5.9,6.6,34.64,N
469,122372,52.0,SupInc,N,24,10.0,403.0,5.1,8.32,12.23,N
470,122460,33.0,SupCom,N,3,2.0,40.0,1.2,0.26,0.22,N
471,122484,26.0,SupCom,N,1,3.0,39.0,2.0,0.33,0.45,N
472,122575,34.0,Med,N,4,8.0,46.0,5.5,0.7,1.83,N
473,122602,54.0,SupCom,N,0,14.0,66.0,9.6,1.98,4.35,N
474,122609,61.0,Bas,N,0,24.0,25.0,33.0,3.42,4.83,S
475,122620,44.0,Posg,N,2,13.0,91.0,4.8,1.02,3.35,S
476,122653,22.0,Med,N,0,2.0,16.0,9.8,0.31,1.26,S
477,122655,19.0,Bas,N,3,0.0,21.0,7.1,0.48,1.01,N
478,122694,20.0,Med,N,0,0.0,26.0,8.9,0.5,1.81,N
479,122889,35.0,SupCom,N,10,7.0,44.0,0.5,0.11,0.11,N
480,122943,24.0,SupCom,N,0,2.0,28.0,4.0,0.7,0.42,N
481,122999,30.0,Posg,N,1,6.0,33.0,7.4,0.63,1.81,N
482,123027,21.0,Bas,N,1,1.0,29.0,24.0,2.2,4.76,N
483,123040,45.0,SupCom,N,0,14.0,81.0,4.1,1.51,1.81,N
484,123059,38.0,Posg,N,9,11.0,66.0,1.2,0.59,0.2,N
485,123079,21.0,Med,N,1,1.0,37.0,8.5,0.9,2.25,N
486,123081,45.0,SupCom,N,7,13.0,42.0,36.8,10.19,5.27,S
487,123125,40.0,Bas,N,22,8.0,141.0,11.0,5.06,10.45,N
488,123128,22.0,SupCom,N,0,1.0,74.0,7.5,1.86,3.69,S
489,123148,56.0,Med,N,34,21.0,475.0,2.3,3.88,7.05,N
490,123179,37.0,Med,N,9,11.0,41.0,2.9,0.11,1.08,N
491,123217,29.0,Med,N,3,2.0,42.0,9.3,1.77,2.14,N
492,123230,37.0,SupCom,N,10,6.0,97.0,8.3,2.01,6.04,N
493,123242,20.0,Bas,N,3,0.0,21.0,17.9,0.53,3.23,S
494,123373,30.0,SupInc,N,6,4.0,20.0,9.7,0.51,1.43,S
495,123402,26.0,SupCom,N,0,3.0,36.0,17.9,3.02,3.43,S
496,123404,18.0,Med,N,0,0.0,47.0,3.6,1.21,0.48,N
497,123432,31.0,Bas,N,5,7.0,27.0,4.2,0.56,0.57,N
498,123464,44.0,SupInc,N,8,8.0,49.0,16.3,2.46,5.53,S
499,123468,19.0,Med,N,0,0.0,24.0,12.5,0.94,2.06,S
500,240017,77.0,Posg,N,2,24.0,28.0,10.6,1.37,1.6,N
501,240070,37.0,SupCom,N,0,9.0,83.0,14.9,5.9,6.47,S
502,240093,35.0,SupCom,N,9,6.0,123.0,6.1,1.7,5.8,N
503,240152,24.0,SupCom,N,0,0.0,64.0,13.0,3.98,4.34,S
504,240198,31.0,SupCom,N,1,4.0,43.0,7.9,2.49,0.9,N
505,240202,59.0,SupCom,N,19,21.0,174.0,27.9,16.41,32.14,S
506,240252,18.0,Med,N,0,0.0,27.0,4.1,0.17,0.94,S
507,240289,29.0,Med,N,8,5.0,35.0,21.1,1.65,5.73,S
508,240302,38.0,SupCom,N,6,7.0,25.0,31.3,2.21,5.61,S
509,240360,27.0,SupInc,N,3,5.0,26.0,2.0,0.04,0.48,S
510,240403,49.0,Med,N,15,11.0,35.0,3.0,0.74,0.32,N
511,240497,24.0,SupInc,N,1,2.0,23.0,14.8,0.8,2.61,S
512,240505,27.0,SupCom,N,3,5.0,36.0,16.2,1.39,4.44,S
513,240612,26.0,Med,N,2,4.0,26.0,14.5,0.56,3.21,N
514,240623,32.0,SupCom,N,0,6.0,37.0,3.1,0.59,0.55,S
515,240675,53.0,Posg,N,16,13.0,51.0,4.1,0.95,1.14,N
516,240676,19.0,Med,N,0,0.0,17.0,14.1,1.04,1.36,S
517,240680,18.0,Med,N,0,0.0,19.0,6.4,0.4,0.82,S
518,240694,19.0,Med,N,1,0.0,21.0,7.9,1.1,0.55,S
519,240697,51.0,Med,N,25,16.0,96.0,21.5,7.31,13.33,N
520,240705,30.0,Posg,N,3,2.0,40.0,16.9,2.22,4.54,S
521,240722,63.0,Bas,N,22,21.0,61.0,13.5,1.83,6.41,N
522,240764,30.0,SupCom,N,1,4.0,73.0,29.8,7.05,14.71,S
523,240789,27.0,SupCom,N,3,3.0,43.0,4.5,0.58,1.36,N
524,240792,42.0,Med,N,15,9.0,46.0,13.1,1.06,4.97,N
525,240895,24.0,SupCom,N,0,3.0,44.0,13.5,2.38,3.56,S
526,241000,20.0,Med,N,0,0.0,23.0,23.6,3.54,1.89,S
527,241089,28.0,SupInc,N,4,5.0,20.0,6.2,0.57,0.67,N
528,241132,25.0,Med,N,3,2.0,23.0,5.0,0.28,0.87,N
529,241163,24.0,SupCom,N,0,3.0,49.0,5.0,0.87,1.58,S
530,241191,36.0,SupInc,N,9,7.0,76.0,5.7,0.29,4.04,N
531,241279,44.0,Med,N,11,12.0,50.0,22.0,2.11,8.89,N
532,241350,23.0,SupInc,N,0,1.0,45.0,15.8,1.12,5.99,N
533,241424,32.0,SupInc,N,1,4.0,26.0,3.3,0.24,0.62,N
534,241525,32.0,Med,N,9,7.0,53.0,14.9,5.81,2.08,S
535,241564,35.0,SupCom,N,7,6.0,76.0,7.0,0.56,4.76,N
536,241582,30.0,SupInc,N,3,6.0,34.0,14.3,2.26,2.61,S
537,241594,30.0,Bas,N,4,3.0,36.0,9.6,0.83,2.63,S
538,241652,31.0,Med,N,6,5.0,26.0,6.5,0.33,1.36,N
539,241732,23.0,Bas,N,0,2.0,16.0,17.2,0.91,1.84,S
540,241770,46.0,Bas,N,11,8.0,61.0,10.4,3.44,2.9,N
541,241837,59.0,Bas,N,33,17.0,308.0,6.7,7.39,13.25,N
542,241859,39.0,Posg,N,1,10.0,185.0,7.0,10.45,2.5,S
543,241980,29.0,Posg,N,3,3.0,55.0,27.1,8.35,6.56,S
544,242047,26.0,SupCom,N,2,4.0,19.0,3.8,0.11,0.62,N
545,242106,34.0,Med,N,6,7.0,27.0,6.4,0.27,1.46,N
546,242108,30.0,Bas,N,12,5.0,35.0,5.7,1.34,0.66,N
547,242216,23.0,SupCom,N,0,2.0,29.0,9.4,0.84,1.89,S
548,242303,22.0,SupCom,N,0,1.0,76.0,7.7,3.62,2.24,N
549,242345,27.0,SupCom,N,0,4.0,46.0,1.9,0.23,0.64,S
550,242430,30.0,SupInc,N,0,5.0,70.0,6.9,0.37,4.46,S
551,242433,23.0,Med,N,0,1.0,22.0,9.0,0.71,1.27,N
552,242464,42.0,Posg,N,12,13.0,34.0,6.1,0.56,1.52,N
553,242467,29.0,SupCom,N,2,3.0,55.0,15.6,1.48,7.1,S
554,242512,47.0,Med,N,16,8.0,66.0,1.7,0.1,1.02,N
555,242560,34.0,SupCom,N,8,7.0,30.0,5.7,1.08,0.63,N
556,242597,31.0,Med,N,11,7.0,51.0,12.4,4.14,2.19,S
557,242601,35.0,SupCom,N,10,4.0,53.0,19.0,3.64,6.43,N
558,242691,19.0,Bas,N,2,0.0,21.0,12.0,0.15,2.37,N
559,242710,30.0,Bas,N,7,7.0,40.0,11.4,1.78,2.78,S
560,242840,25.0,SupCom,N,0,2.0,35.0,0.6,0.07,0.14,N
561,243028,38.0,Posg,N,11,8.0,40.0,8.8,1.65,1.87,N
562,243048,18.0,Med,N,0,0.0,34.0,2.8,0.29,0.66,N
563,243058,53.0,Med,N,10,14.0,62.0,13.4,2.38,5.93,S
564,243076,31.0,Bas,N,10,5.0,60.0,27.3,6.27,10.11,S
565,243083,38.0,SupCom,N,7,7.0,274.0,2.3,4.32,1.99,S
566,243086,19.0,Med,N,0,0.0,21.0,2.5,0.03,0.49,N
567,243118,20.0,Bas,N,2,0.0,18.0,2.3,0.06,0.36,N
568,243175,21.0,Med,N,2,1.0,22.0,9.2,1.05,0.98,S
569,243209,19.0,Med,N,0,0.0,17.0,5.5,0.51,0.43,N
570,243340,23.0,SupCom,N,0,1.0,42.0,12.2,2.24,2.88,N
571,243351,65.0,Med,N,25,20.0,48.0,7.7,2.81,0.88,N
572,243457,45.0,Posg,N,18,12.0,88.0,9.6,4.04,4.41,N
573,243535,21.0,SupInc,N,0,1.0,22.0,1.5,0.1,0.23,N
574,243547,54.0,SupInc,N,8,10.0,67.0,10.5,1.25,5.79,N
575,243554,22.0,SupCom,N,0,2.0,24.0,8.0,0.64,1.28,S
576,243564,20.0,SupInc,N,0,0.0,23.0,14.2,1.86,1.4,S
577,243569,41.0,Med,N,12,9.0,58.0,13.1,3.78,3.81,N
578,243578,36.0,Med,N,14,3.0,71.0,6.9,1.43,3.47,N
579,243624,33.0,SupInc,N,11,8.0,79.0,10.8,3.08,5.45,N
580,243673,23.0,Med,N,2,2.0,34.0,3.3,0.22,0.9,N
581,243859,46.0,SupInc,N,8,6.0,119.0,5.6,1.11,5.55,S
582,243929,21.0,SupInc,N,0,0.0,15.0,6.1,0.07,0.84,S
583,243957,28.0,SupCom,N,2,4.0,62.0,34.8,3.86,17.71,S
584,243958,39.0,SupInc,N,9,8.0,69.0,6.0,0.55,3.59,N
585,243998,54.0,SupCom,N,4,9.0,69.0,12.0,1.18,7.1,N
586,244010,75.0,Bas,N,22,23.0,56.0,7.8,1.79,2.58,N
587,244023,31.0,SupCom,N,1,7.0,69.0,0.4,0.19,0.09,N
588,244034,55.0,Med,N,32,8.0,229.0,4.9,3.03,8.19,N
589,244067,20.0,SupInc,N,0,0.0,18.0,17.4,0.42,2.71,N
590,244106,39.0,Posg,N,3,9.0,42.0,15.2,3.08,3.31,N
591,244123,37.0,SupInc,N,2,8.0,55.0,8.0,1.64,2.76,N
592,244159,20.0,SupInc,N,0,0.0,41.0,4.3,0.47,1.29,N
593,244190,57.0,SupCom,N,10,10.0,149.0,10.0,3.64,11.26,N
594,244208,50.0,Bas,N,20,15.0,117.0,7.6,3.15,5.74,N
595,244269,33.0,Bas,N,2,7.0,28.0,1.6,0.14,0.31,N
596,244280,36.0,Bas,N,16,10.0,44.0,7.4,1.96,1.3,N
597,244286,21.0,Med,N,1,0.0,29.0,5.7,0.64,1.01,N
598,244337,37.0,SupInc,N,12,11.0,121.0,13.6,4.69,11.77,N
599,244354,27.0,Posg,N,0,4.0,24.0,6.1,0.17,1.3,S
600,295009,28.0,SupCom,N,5,5.0,112.0,9.9,0.93,10.16,N
601,295028,27.0,SupInc,N,4,5.0,40.0,13.2,3.73,1.55,N
602,295035,32.0,SupInc,N,4,3.0,37.0,4.1,0.48,1.04,S
603,295057,28.0,Med,N,6,5.0,33.0,20.5,1.1,5.67,S
604,295083,24.0,SupCom,N,0,2.0,35.0,12.1,2.47,1.77,S
605,295134,20.0,Med,N,0,0.0,44.0,3.9,1.07,0.65,N
606,295153,39.0,SupCom,N,16,4.0,47.0,16.5,4.16,3.6,N
607,295187,38.0,SupCom,N,11,8.0,145.0,18.5,1.45,25.38,N
608,295193,65.0,Med,N,38,11.0,352.0,2.5,0.39,8.41,N
609,295270,56.0,Med,N,34,19.0,215.0,13.9,14.37,15.51,N
610,295295,18.0,Med,N,0,0.0,57.0,3.1,1.24,0.53,S
611,295339,20.0,Bas,N,0,1.0,18.0,9.5,0.16,1.55,N
612,295367,62.0,Bas,N,4,13.0,27.0,13.2,1.73,1.84,N
613,295386,39.0,Med,N,13,8.0,112.0,21.2,4.63,19.11,S
614,295449,29.0,SupCom,N,3,2.0,102.0,9.8,4.83,5.17,S
615,295465,30.0,SupCom,N,4,6.0,46.0,3.9,1.26,0.54,N
616,295472,52.0,SupInc,N,21,14.0,121.0,2.4,0.39,2.51,N
617,295518,48.0,Posg,N,19,11.0,326.0,10.6,21.18,13.37,S
618,295658,20.0,Bas,N,2,0.0,42.0,3.1,0.89,0.41,S
619,295683,34.0,SupCom,N,7,3.0,33.0,7.5,1.88,0.6,S
620,295711,68.0,Bas,N,51,26.0,274.0,7.0,8.59,10.59,N
621,295815,47.0,Bas,N,16,15.0,51.0,14.2,3.4,3.85,N
622,295913,37.0,Med,N,12,8.0,29.0,9.3,0.88,1.82,N
623,295930,36.0,Med,N,9,10.0,35.0,0.8,0.09,0.19,N
624,295938,30.0,SupCom,N,1,6.0,107.0,8.9,1.44,8.09,S
625,296037,24.0,Med,N,0,2.0,21.0,13.7,1.38,1.5,N
626,296049,24.0,SupCom,N,0,2.0,49.0,13.6,3.04,3.63,S
627,296068,31.0,Med,N,0,6.0,34.0,4.2,0.71,0.71,S
628,296183,41.0,SupCom,N,15,13.0,89.0,9.2,2.55,5.63,N
629,296309,19.0,Med,N,0,0.0,25.0,24.7,1.23,4.95,S
630,296317,20.0,SupInc,N,0,1.0,23.0,1.0,0.02,0.21,N
631,296325,30.0,Med,N,8,5.0,65.0,9.2,2.45,3.53,N
632,296347,42.0,Med,N,5,12.0,72.0,19.3,0.25,13.65,N
633,296403,27.0,Bas,N,5,5.0,34.0,1.0,0.06,0.28,N
634,296493,24.0,SupCom,N,0,2.0,38.0,1.6,0.03,0.57,N
635,296589,38.0,Med,N,16,6.0,71.0,6.6,1.54,3.15,N
636,296591,24.0,Bas,N,7,2.0,29.0,13.6,0.64,3.3,N
637,296685,48.0,Med,N,7,11.0,80.0,3.7,0.79,2.17,N
638,296709,49.0,SupCom,N,0,11.0,77.0,2.0,0.21,1.33,N
639,296763,18.0,Med,N,0,0.0,29.0,25.9,2.39,5.12,S
640,296812,64.0,Med,N,11,28.0,27.0,2.4,0.08,0.57,N
641,296939,19.0,Bas,N,3,0.0,22.0,10.9,0.47,1.93,N
642,296988,49.0,SupInc,N,2,17.0,36.0,23.6,2.66,5.84,S
643,297023,29.0,SupCom,N,1,4.0,26.0,6.6,0.51,1.21,S
644,297063,28.0,Med,N,3,5.0,64.0,9.4,1.03,4.98,S
645,297090,27.0,Med,N,4,3.0,32.0,6.7,0.56,1.59,S
646,297143,24.0,SupCom,N,0,2.0,40.0,8.6,1.2,2.24,N
647,297166,23.0,Bas,N,2,2.0,38.0,12.2,2.23,2.41,S
648,297181,43.0,Posg,N,3,8.0,30.0,3.1,0.34,0.59,N
649,297207,29.0,Posg,N,1,5.0,51.0,12.5,2.43,3.95,N
650,297282,61.0,SupInc,N,35,9.0,327.0,4.6,7.63,7.42,N
651,297308,22.0,SupCom,N,0,1.0,20.0,6.5,0.6,0.7,S
652,297345,24.0,Med,N,2,3.0,34.0,2.4,0.27,0.54,N
653,297357,30.0,SupInc,N,8,3.0,65.0,8.8,1.92,3.8,N
654,297360,37.0,SupInc,N,3,4.0,57.0,10.8,0.72,5.44,S
655,297382,27.0,Med,N,4,1.0,36.0,14.7,1.46,3.83,S
656,297384,22.0,SupCom,N,0,1.0,29.0,3.7,0.08,0.99,N
657,297466,28.0,Posg,N,1,3.0,77.0,0.2,0.06,0.1,N
658,297470,31.0,Med,N,11,4.0,41.0,2.0,0.34,0.48,N
659,297480,44.0,Bas,N,14,12.0,68.0,14.9,1.78,8.35,N
660,297533,69.0,Med,N,24,22.0,84.0,20.2,5.63,11.33,N
661,297538,26.0,Med,N,5,2.0,42.0,10.6,2.13,2.32,S
662,297698,51.0,SupInc,N,9,15.0,96.0,16.8,0.58,15.55,S
663,297702,20.0,SupInc,N,0,0.0,77.0,9.6,3.85,3.54,S
664,297820,24.0,SupInc,N,2,0.0,43.0,7.3,1.24,1.9,N
665,297849,53.0,Bas,N,17,9.0,59.0,0.5,0.03,0.26,N
666,297867,29.0,Med,N,0,4.0,28.0,4.7,0.14,1.18,S
667,297897,52.0,SupInc,N,28,16.0,368.0,21.3,24.06,54.32,S
668,297922,28.0,SupInc,N,4,4.0,20.0,21.1,0.57,3.65,N
669,297926,35.0,Med,N,17,5.0,160.0,13.5,9.07,12.53,S
670,297953,20.0,Med,N,0,0.0,27.0,10.3,0.39,2.39,S
671,297963,27.0,Posg,N,0,3.0,36.0,4.1,0.73,0.75,N
672,298020,34.0,SupCom,N,2,4.0,46.0,22.5,1.21,9.14,N
673,298062,46.0,Posg,N,13,14.0,84.0,9.9,1.71,6.6,N
674,298134,36.0,SupCom,N,4,8.0,101.0,6.7,2.09,4.68,S
675,298170,51.0,SupCom,N,4,6.0,43.0,3.3,0.2,1.22,N
676,298250,39.0,Bas,N,20,10.0,52.0,19.7,2.33,7.92,N
677,298314,33.0,SupCom,N,4,6.0,24.0,27.7,3.2,3.44,S
678,298328,65.0,Med,N,38,25.0,231.0,9.3,2.02,19.46,N
679,298383,35.0,SupInc,N,10,8.0,263.0,4.9,9.27,3.62,S
680,298392,41.0,Med,N,22,7.0,226.0,17.4,7.12,32.21,S
681,298415,23.0,SupInc,N,0,1.0,33.0,1.7,0.24,0.32,N
682,298439,23.0,Bas,N,5,1.0,23.0,24.3,3.5,2.08,S
683,298509,34.0,Posg,N,0,5.0,120.0,6.4,5.55,2.13,S
684,298541,18.0,Med,N,0,0.0,30.0,19.8,2.3,3.64,S
685,298547,29.0,Posg,N,3,2.0,26.0,7.8,0.46,1.57,N
686,298591,38.0,SupCom,N,13,12.0,204.0,19.5,15.43,24.35,S
687,298602,32.0,SupCom,N,8,5.0,44.0,13.7,1.35,4.68,N
688,298624,34.0,Med,N,12,7.0,58.0,19.9,2.49,9.05,N
689,298629,37.0,Bas,N,14,4.0,67.0,13.4,2.12,6.86,N
690,298696,37.0,SupInc,N,4,6.0,53.0,15.5,1.27,6.95,N
691,298736,37.0,SupInc,N,4,6.0,30.0,4.6,0.71,0.67,N
692,298857,45.0,SupCom,N,16,13.0,53.0,5.7,0.93,2.09,N
693,298915,48.0,SupInc,N,4,12.0,57.0,12.1,2.46,4.43,N
694,298944,36.0,Bas,N,12,5.0,55.0,5.8,1.2,1.99,N
695,298965,26.0,Med,N,1,3.0,42.0,1.5,0.08,0.55,S
696,298970,60.0,Bas,N,31,22.0,170.0,8.0,8.77,4.83,N
697,298976,37.0,Med,N,2,9.0,31.0,9.6,1.54,1.44,N
698,298996,27.0,SupCom,N,1,2.0,21.0,14.4,0.52,2.51,N
699,299036,26.0,Bas,N,6,2.0,46.0,9.8,0.34,4.17,N
700,315016,32.0,SupInc,N,7,5.0,34.0,10.7,0.52,3.12,N
701,315053,23.0,SupInc,N,0,1.0,16.0,7.8,0.35,0.9,N
702,315060,58.0,SupInc,N,18,13.0,54.0,4.2,0.82,1.45,N
703,315086,34.0,Bas,N,0,7.0,26.0,1.9,0.18,0.32,N
704,315102,30.0,Med,N,0,4.0,17.0,4.9,0.41,0.42,S
705,315108,25.0,SupInc,N,2,3.0,52.0,7.7,1.07,2.93,N
706,315159,24.0,Med,N,3,2.0,24.0,10.7,1.98,0.59,N
707,315169,34.0,SupCom,N,1,7.0,40.0,17.6,1.68,5.36,S
708,315203,64.0,Bas,N,7,26.0,24.0,6.5,0.29,1.27,N
709,315213,29.0,SupCom,N,2,5.0,34.0,19.0,1.03,5.43,S
710,315234,21.0,Med,N,1,1.0,29.0,0.9,0.02,0.24,N
711,315273,50.0,SupCom,N,9,11.0,24.0,15.7,0.58,3.18,N
712,315276,25.0,SupCom,N,0,2.0,29.0,15.7,1.83,2.73,S
713,315313,27.0,Med,N,6,5.0,20.0,13.2,1.44,1.2,N
714,315326,25.0,SupInc,N,4,3.0,41.0,18.4,2.01,5.54,N
715,315336,27.0,SupCom,N,3,5.0,41.0,4.8,0.55,1.41,S
716,315373,26.0,Med,N,4,4.0,31.0,5.5,0.25,1.45,N
717,315412,49.0,Med,N,6,12.0,49.0,1.7,0.5,0.33,N
718,315414,41.0,SupInc,N,0,8.0,39.0,29.1,2.16,9.19,S
719,315422,30.0,Med,N,4,2.0,55.0,5.5,1.45,1.57,N
720,315442,37.0,Bas,N,16,8.0,43.0,5.6,0.64,1.77,N
721,315481,34.0,Med,N,9,3.0,62.0,8.0,0.4,4.56,N
722,315507,50.0,SupCom,N,23,11.0,104.0,4.8,0.93,4.06,N
723,315508,28.0,SupInc,N,4,2.0,58.0,12.6,2.48,4.83,S
724,315514,19.0,Med,N,0,0.0,20.0,3.1,0.26,0.36,S
725,315526,25.0,SupCom,N,0,1.0,31.0,3.9,0.37,0.84,S
726,315544,18.0,Med,N,0,0.0,15.0,12.2,0.37,1.46,N
727,315548,24.0,SupCom,N,0,2.0,32.0,5.6,0.25,1.54,S
728,315568,30.0,Med,N,5,6.0,26.0,14.8,0.97,2.87,S
729,315609,36.0,Med,N,1,4.0,55.0,19.6,6.36,4.42,S
730,315619,32.0,SupCom,N,0,5.0,38.0,3.7,0.18,1.22,S
731,315633,41.0,SupCom,N,2,7.0,94.0,7.0,1.16,5.42,N
732,315665,47.0,Med,N,28,11.0,189.0,3.2,4.18,1.87,N
733,315677,57.0,Bas,N,26,22.0,78.0,5.8,1.24,3.28,N
734,315731,26.0,Bas,N,4,3.0,34.0,19.0,0.67,5.79,S
735,315743,34.0,SupCom,N,6,5.0,65.0,14.4,4.98,4.38,S
736,315748,33.0,Med,N,0,7.0,64.0,10.6,2.69,4.1,N
737,315754,53.0,Posg,N,9,11.0,97.0,22.3,9.21,12.42,S
738,315771,61.0,Med,N,20,17.0,91.0,4.3,1.26,2.65,N
739,315800,18.0,Med,N,0,0.0,14.0,4.3,0.15,0.45,N
740,315812,21.0,SupInc,N,0,1.0,18.0,12.1,0.59,1.59,N
741,315821,28.0,Bas,N,7,2.0,52.0,22.1,6.78,4.71,S
742,315831,34.0,Med,N,4,8.0,49.0,3.1,0.04,1.48,N
743,315838,20.0,Bas,N,2,0.0,16.0,4.7,0.25,0.5,N
744,315857,34.0,Bas,N,11,6.0,54.0,10.6,3.12,2.6,N
745,315892,22.0,SupInc,N,0,1.0,14.0,2.5,0.26,0.09,N
746,315898,34.0,Med,N,8,7.0,30.0,24.3,0.21,7.08,N
747,315931,18.0,Med,N,0,0.0,18.0,13.1,0.92,1.44,S
748,315948,41.0,Med,N,21,9.0,64.0,0.3,0.12,0.07,N
749,315970,46.0,Bas,N,4,7.0,67.0,3.4,0.76,1.52,N
750,316013,21.0,Med,N,0,1.0,20.0,2.2,0.1,0.34,N
751,316027,51.0,Med,N,19,16.0,47.0,22.7,3.28,7.39,N
752,316033,27.0,Posg,N,0,3.0,25.0,22.9,1.09,4.64,S
753,316060,35.0,Med,N,15,3.0,30.0,21.3,1.28,5.11,N
754,316077,22.0,SupCom,N,0,2.0,26.0,6.0,0.02,1.54,N
755,316104,65.0,Bas,N,38,13.0,143.0,11.1,1.17,14.7,N
756,316135,43.0,SupInc,N,5,11.0,27.0,21.2,2.83,2.9,S
757,316149,23.0,SupCom,N,0,2.0,23.0,18.0,0.51,3.63,S
758,316159,66.0,Med,N,43,22.0,152.0,9.0,5.06,8.62,N
759,316172,25.0,Med,N,3,2.0,48.0,8.2,2.87,1.07,S
760,316193,35.0,SupCom,N,0,11.0,84.0,3.4,1.18,1.67,N
761,316201,19.0,Med,N,0,0.0,20.0,12.8,1.14,1.42,N
762,316230,25.0,SupCom,N,1,1.0,20.0,6.9,0.43,0.95,S
763,316244,23.0,SupCom,N,0,1.0,62.0,3.0,0.56,1.3,S
764,316258,23.0,SupInc,N,2,1.0,40.0,21.2,2.65,5.83,S
765,316268,49.0,SupInc,N,12,11.0,85.0,4.5,2.29,1.53,N
766,316281,45.0,SupCom,N,6,10.0,59.0,10.6,3.8,2.45,N
767,316289,45.0,Med,N,10,13.0,45.0,2.9,0.19,1.12,N
768,316302,32.0,SupCom,N,6,7.0,31.0,5.2,0.38,1.23,N
769,316305,28.0,SupCom,N,0,4.0,60.0,0.5,0.08,0.22,N
770,316309,44.0,SupInc,N,22,9.0,131.0,7.0,0.83,8.34,N
771,316311,49.0,SupInc,N,20,9.0,140.0,9.9,4.42,9.44,N
772,316315,19.0,Med,N,0,0.0,19.0,4.4,0.06,0.77,N
773,316359,34.0,SupInc,N,0,6.0,24.0,9.4,0.08,2.18,S
774,316361,51.0,SupInc,N,2,15.0,34.0,7.2,1.77,0.68,N
775,316431,28.0,Med,N,4,4.0,25.0,34.8,1.04,7.66,S
776,316502,51.0,SupCom,N,20,18.0,512.0,6.5,6.82,26.46,N
777,316510,24.0,SupCom,N,0,1.0,63.0,26.9,7.19,9.76,S
778,316518,41.0,Posg,N,9,14.0,87.0,4.4,0.78,3.05,N
779,316521,23.0,SupCom,N,0,1.0,35.0,15.0,0.4,4.85,S
780,316547,33.0,SupCom,N,3,7.0,19.0,17.2,0.37,2.9,S
781,316569,42.0,Med,N,18,5.0,176.0,5.6,3.91,5.94,N
782,316577,20.0,SupInc,N,0,0.0,16.0,3.5,0.23,0.33,S
783,316583,27.0,Med,N,3,4.0,26.0,2.6,0.09,0.58,N
784,316622,34.0,Med,N,9,3.0,29.0,11.6,1.06,2.3,S
785,316635,20.0,Med,N,0,0.0,34.0,12.9,0.9,3.49,S
786,316655,66.0,Med,N,9,23.0,54.0,15.8,1.34,7.19,N
787,316681,19.0,Med,N,0,0.0,20.0,12.7,1.22,1.32,N
788,316735,33.0,Posg,N,2,7.0,79.0,23.7,10.47,8.26,S
789,316737,22.0,SupInc,N,1,1.0,17.0,25.4,2.38,1.94,S
790,316777,40.0,Med,N,5,7.0,43.0,23.9,3.69,6.59,S
791,316798,55.0,Posg,N,25,12.0,73.0,19.1,5.8,8.14,N
792,316809,25.0,SupCom,N,1,1.0,15.0,8.9,0.56,0.78,S
793,316824,23.0,SupInc,N,0,1.0,30.0,6.9,0.55,1.52,N
794,316838,37.0,SupCom,N,13,5.0,225.0,1.1,1.42,1.06,N
795,316862,18.0,Med,N,0,0.0,21.0,6.6,0.08,1.31,S
796,316881,23.0,Med,N,4,1.0,22.0,3.8,0.08,0.76,N
797,316883,27.0,Med,N,2,2.0,55.0,11.7,0.54,5.89,S
798,316907,42.0,Posg,N,6,8.0,20.0,15.3,1.43,1.63,S
799,316909,31.0,SupInc,N,9,6.0,23.0,7.8,0.45,1.35,N
800,335024,33.0,Med,N,9,5.0,34.0,12.7,3.16,1.16,S
801,335038,58.0,SupCom,N,26,21.0,132.0,2.4,0.98,2.19,N
802,335114,58.0,SupInc,N,24,24.0,138.0,3.9,2.86,2.52,N
803,335125,48.0,Med,N,12,12.0,51.0,4.3,0.22,1.97,N
804,335142,26.0,Med,N,2,4.0,55.0,11.0,4.69,1.36,S
805,335161,28.0,Posg,N,2,5.0,18.0,11.9,0.32,1.82,S
806,335203,22.0,Bas,N,4,1.0,21.0,9.0,0.87,1.02,N
807,335236,18.0,Med,N,0,0.0,18.0,8.0,0.4,1.04,N
808,335322,57.0,Med,N,4,12.0,61.0,2.3,0.11,1.29,N
809,335417,19.0,Med,N,1,0.0,24.0,12.3,1.11,1.84,S
810,335431,31.0,SupCom,N,4,5.0,36.0,22.4,0.15,7.91,N
811,335434,18.0,Bas,N,1,0.0,18.0,8.0,0.74,0.7,S
812,335530,23.0,SupInc,N,0,1.0,18.0,4.0,0.05,0.67,N
813,335566,19.0,Med,N,0,0.0,14.0,8.2,0.38,0.77,S
814,335573,29.0,SupInc,N,0,4.0,70.0,16.5,8.21,3.34,S
815,335610,29.0,SupInc,N,8,5.0,39.0,11.6,3.26,1.27,S
816,335615,25.0,Med,N,2,3.0,24.0,3.0,0.15,0.57,N
817,335635,18.0,Med,N,0,0.0,24.0,0.9,0.13,0.09,S
818,335667,40.0,SupInc,N,4,6.0,87.0,1.2,0.86,0.18,N
819,335669,31.0,Med,N,11,8.0,36.0,4.7,0.13,1.57,N
820,335672,52.0,SupCom,N,2,12.0,84.0,3.1,0.2,2.4,N
821,335680,37.0,Med,N,18,3.0,39.0,26.9,5.46,5.04,S
822,335690,40.0,SupInc,N,18,13.0,84.0,6.2,0.94,4.27,N
823,335722,18.0,Med,N,0,0.0,17.0,11.9,0.17,1.86,S
824,335743,45.0,Bas,N,24,14.0,69.0,3.2,1.33,0.87,N
825,335816,34.0,SupInc,N,11,6.0,52.0,12.9,4.17,2.54,N
826,335819,19.0,Med,N,0,0.0,21.0,12.6,1.23,1.42,S
827,335844,25.0,SupInc,N,3,1.0,27.0,16.9,1.09,3.48,N
828,335958,53.0,Med,N,30,12.0,220.0,12.9,2.81,25.57,N
829,336005,30.0,SupInc,N,4,4.0,39.0,11.6,1.39,3.13,N
830,336019,49.0,Posg,N,23,11.0,178.0,19.4,5.59,28.94,N
831,336093,21.0,Med,N,2,1.0,23.0,3.5,0.25,0.55,N
832,336204,40.0,Med,N,0,12.0,21.0,36.6,4.35,3.34,S
833,336244,18.0,Med,N,0,0.0,23.0,11.5,0.66,1.98,S
834,336247,18.0,Med,N,0,0.0,15.0,8.0,0.22,0.98,N
835,336295,34.0,Bas,N,10,6.0,50.0,5.3,0.58,2.07,N
836,336308,33.0,SupCom,N,5,8.0,27.0,20.6,1.09,4.47,N
837,336316,45.0,SupInc,N,23,10.0,55.0,13.3,1.46,5.86,N
838,336326,40.0,SupCom,N,15,13.0,111.0,9.6,1.88,8.78,N
839,336330,49.0,Bas,N,4,11.0,36.0,9.9,1.36,2.21,N
840,336350,27.0,SupInc,N,0,4.0,31.0,3.7,0.28,0.86,N
841,336401,52.0,Bas,N,26,12.0,77.0,28.6,5.26,16.76,N
842,336436,23.0,Med,N,1,2.0,30.0,18.2,1.37,4.09,S
843,336457,39.0,SupInc,N,16,10.0,46.0,11.3,1.45,3.75,N
844,336479,20.0,Med,N,0,1.0,28.0,9.8,0.66,2.09,N
845,336499,26.0,SupInc,N,0,3.0,23.0,10.9,1.71,0.8,S
846,336510,62.0,SupCom,N,23,22.0,124.0,23.0,19.05,9.47,S
847,336576,39.0,Med,N,1,9.0,27.0,1.4,0.1,0.28,N
848,336580,26.0,Bas,N,5,2.0,47.0,21.7,6.14,4.06,S
849,336624,35.0,Med,N,15,8.0,66.0,3.3,1.05,1.12,N
850,336636,46.0,Posg,N,11,9.0,136.0,4.9,3.27,3.39,S
851,336640,47.0,SupCom,N,17,17.0,61.0,7.5,3.12,1.45,N
852,336658,56.0,Bas,N,3,16.0,38.0,18.7,3.72,3.39,S
853,336706,21.0,SupInc,N,0,1.0,33.0,9.1,1.05,1.95,S
854,336731,29.0,Med,N,0,5.0,33.0,5.8,0.58,1.34,N
855,336792,28.0,Med,N,3,5.0,53.0,5.7,1.57,1.45,S
856,336815,28.0,SupInc,N,3,3.0,61.0,16.1,3.16,6.66,S
857,336852,30.0,Bas,N,4,6.0,30.0,10.8,1.03,2.21,N
858,336899,20.0,Bas,N,1,0.0,22.0,10.1,0.14,2.08,S
859,336953,24.0,SupCom,N,0,2.0,29.0,9.6,1.04,1.75,S
860,336969,29.0,SupCom,N,5,4.0,73.0,25.1,2.18,16.14,S
861,337073,19.0,Med,N,0,0.0,15.0,9.5,0.4,1.03,S
862,337079,63.0,Med,N,29,19.0,208.0,16.6,21.89,12.64,S
863,337113,39.0,Med,N,17,9.0,90.0,6.8,3.45,2.67,N
864,337128,22.0,SupCom,N,0,1.0,30.0,3.4,0.15,0.87,N
865,337143,30.0,Med,N,2,4.0,34.0,11.6,1.39,2.55,N
866,337173,24.0,Bas,N,4,2.0,24.0,18.0,1.64,2.68,S
867,337261,25.0,SupCom,N,1,2.0,66.0,4.2,0.55,2.22,S
868,337272,22.0,Med,N,2,1.0,39.0,4.7,0.5,1.33,N
869,337301,35.0,Posg,N,0,9.0,36.0,13.3,0.99,3.8,N
870,337304,51.0,SupInc,N,14,16.0,161.0,1.4,0.57,1.69,N
871,337309,65.0,Med,N,0,25.0,57.0,6.2,1.68,1.86,N
872,337365,38.0,SupCom,N,14,7.0,192.0,28.9,5.27,50.22,S
873,337367,28.0,Med,N,8,4.0,24.0,24.6,4.07,1.83,S
874,337411,30.0,SupCom,N,2,5.0,27.0,10.6,0.74,2.13,N
875,337462,22.0,SupCom,N,0,2.0,46.0,8.6,1.76,2.19,S
876,337514,19.0,Med,N,0,0.0,28.0,7.5,1.51,0.59,S
877,337528,48.0,SupCom,N,24,18.0,66.0,4.4,0.32,2.58,N
878,337553,18.0,Med,N,0,0.0,16.0,8.3,0.17,1.15,S
879,337620,29.0,Med,N,1,5.0,39.0,10.3,2.98,1.03,S
880,337625,37.0,Med,N,0,9.0,37.0,16.2,0.93,5.06,N
881,337641,23.0,SupCom,N,0,1.0,73.0,0.7,0.25,0.26,N
882,337769,27.0,SupInc,N,4,5.0,41.0,6.1,1.65,0.85,S
883,337840,38.0,SupCom,N,10,11.0,63.0,12.2,2.76,4.93,N
884,337873,39.0,SupInc,N,10,7.0,45.0,25.0,1.77,9.48,N
885,337887,28.0,SupCom,N,4,3.0,48.0,24.3,3.34,8.33,S
886,337922,54.0,SupInc,N,2,19.0,35.0,6.4,0.93,1.31,N
887,337945,39.0,SupCom,N,12,10.0,98.0,1.6,0.16,1.41,N
888,337963,19.0,Med,N,0,0.0,26.0,17.2,2.65,1.82,S
889,337991,71.0,Bas,N,2,13.0,23.0,10.1,1.44,0.89,N
890,338047,24.0,Med,N,4,2.0,21.0,3.8,0.36,0.44,N
891,338062,28.0,Med,N,3,4.0,20.0,9.0,0.37,1.43,N
892,338069,21.0,Bas,N,4,1.0,15.0,7.3,0.05,1.04,N
893,338112,36.0,Med,N,8,2.0,42.0,3.1,0.75,0.55,N
894,338207,36.0,Med,N,1,8.0,31.0,21.0,0.33,6.18,N
895,338240,23.0,Bas,N,0,2.0,20.0,8.4,0.24,1.44,S
896,338253,28.0,SupInc,N,3,3.0,25.0,18.8,1.16,3.54,S
897,338294,26.0,SupInc,N,0,3.0,31.0,3.1,0.1,0.86,S
898,338307,36.0,Posg,N,3,7.0,45.0,3.3,0.47,1.02,N
899,338320,32.0,SupCom,N,2,2.0,55.0,10.6,1.43,4.4,S
900,360036,24.0,SupCom,N,0,1.0,56.0,9.3,1.55,3.66,S
901,360188,19.0,Med,N,0,0.0,55.0,7.9,0.61,3.73,N
902,360230,28.0,SupCom,N,2,3.0,22.0,6.2,0.76,0.61,S
903,360245,40.0,Posg,N,1,11.0,32.0,18.6,3.4,2.55,S
904,360349,33.0,Posg,N,6,4.0,121.0,15.1,3.31,14.96,S
905,360448,34.0,SupInc,N,0,4.0,23.0,6.8,0.69,0.88,S
906,360449,19.0,Med,N,0,0.0,30.0,4.0,0.52,0.68,N
907,360504,44.0,Bas,N,17,14.0,107.0,13.0,3.83,10.08,N
908,360509,29.0,Med,N,1,6.0,36.0,9.3,1.42,1.93,S
909,360518,65.0,Bas,N,10,18.0,32.0,9.9,1.37,1.8,N
910,360585,45.0,Med,N,18,11.0,59.0,8.9,2.74,2.51,N
911,360684,33.0,Med,N,4,8.0,79.0,12.6,8.55,1.4,S
912,360740,32.0,SupInc,N,3,5.0,34.0,12.4,2.18,2.03,N
913,360763,32.0,SupCom,N,5,6.0,67.0,8.4,3.38,2.25,N
914,360917,23.0,SupInc,N,0,1.0,34.0,9.2,1.25,1.87,S
915,360925,25.0,Posg,N,0,2.0,60.0,8.4,1.25,3.79,N
916,360927,22.0,SupCom,N,0,1.0,23.0,6.2,0.35,1.08,S
917,360963,27.0,Bas,N,6,2.0,20.0,14.3,0.38,2.48,N
918,360968,43.0,SupCom,N,0,10.0,94.0,19.9,6.32,12.38,S
919,360970,53.0,SupCom,N,26,20.0,249.0,5.8,7.58,6.86,N
920,361058,24.0,SupInc,N,2,3.0,22.0,5.6,0.08,1.15,N
921,361072,43.0,Med,N,13,13.0,62.0,24.2,8.07,6.93,S
922,361083,25.0,Bas,N,4,1.0,33.0,13.2,1.63,2.73,S
923,361101,26.0,SupInc,N,0,3.0,24.0,32.0,4.42,3.26,S
924,361105,18.0,Med,N,0,0.0,34.0,16.3,1.87,3.67,S
925,361146,46.0,SupCom,N,14,10.0,57.0,4.7,0.25,2.43,N
926,361166,46.0,SupCom,N,22,10.0,160.0,15.5,9.92,14.88,S
927,361198,52.0,Med,N,22,17.0,87.0,11.3,0.71,9.12,N
928,361201,35.0,SupInc,N,3,7.0,54.0,11.0,1.16,4.78,N
929,361255,23.0,SupInc,N,1,2.0,63.0,16.8,3.14,7.44,S
930,361267,33.0,Bas,N,7,5.0,33.0,6.9,0.68,1.6,S
931,361299,18.0,Med,N,0,0.0,28.0,8.1,0.84,1.42,S
932,361305,31.0,Med,N,11,8.0,37.0,5.7,0.82,1.28,N
933,361346,30.0,SupInc,N,4,3.0,62.0,14.8,1.53,7.64,S
934,361396,23.0,SupInc,N,2,2.0,32.0,3.0,0.28,0.68,N
935,361437,42.0,Med,N,1,5.0,50.0,9.6,2.6,2.2,N
936,361440,21.0,Med,N,0,1.0,21.0,6.3,0.83,0.49,S
937,361454,35.0,Med,N,15,8.0,55.0,10.2,3.37,2.24,N
938,361487,26.0,Med,N,5,1.0,47.0,6.2,1.83,1.09,N
939,361612,75.0,SupCom,N,50,18.0,460.0,19.6,26.69,63.47,S
940,361630,22.0,SupInc,N,0,2.0,32.0,3.7,0.31,0.87,S
941,361699,19.0,Med,N,0,0.0,21.0,5.6,0.14,1.04,N
942,361704,28.0,Med,N,3,2.0,22.0,11.5,0.87,1.66,N
943,361727,22.0,SupInc,N,0,1.0,45.0,13.6,1.87,4.25,N
944,361728,30.0,Med,N,4,4.0,45.0,10.0,2.13,2.37,N
945,361759,24.0,SupCom,N,0,1.0,53.0,16.1,5.09,3.44,S
946,361823,20.0,SupInc,N,0,0.0,33.0,9.4,0.55,2.55,S
947,361845,38.0,Med,N,18,7.0,53.0,5.2,1.2,1.55,N
948,361850,20.0,SupInc,N,0,0.0,22.0,5.1,0.36,0.76,S
949,361875,28.0,Posg,N,0,4.0,57.0,12.4,4.52,2.54,S
950,361900,23.0,SupInc,N,0,2.0,25.0,4.2,0.16,0.89,N
951,361907,21.0,SupInc,N,0,1.0,22.0,8.5,0.08,1.79,N
952,362006,23.0,SupCom,N,0,1.0,28.0,3.1,0.34,0.53,N
953,362180,19.0,Med,N,0,0.0,22.0,8.2,0.5,1.3,N
954,362320,26.0,Med,N,3,4.0,33.0,2.7,0.53,0.36,N
955,362379,19.0,Med,N,0,0.0,23.0,18.4,0.98,3.25,S
956,362479,24.0,Med,N,5,2.0,37.0,5.7,0.48,1.63,N
957,362480,19.0,Med,N,0,0.0,33.0,7.5,0.36,2.11,N
958,362493,34.0,SupCom,N,9,9.0,34.0,32.1,2.39,8.52,S
959,362513,26.0,SupCom,N,1,1.0,31.0,12.3,1.15,2.67,S
960,362711,63.0,Bas,N,17,26.0,103.0,12.3,3.47,9.2,N
961,362745,31.0,SupInc,N,7,4.0,30.0,1.9,0.17,0.4,N
962,362747,22.0,SupCom,N,0,1.0,28.0,8.1,0.61,1.66,S
963,362797,34.0,Med,N,6,4.0,41.0,7.5,1.09,1.98,S
964,362909,45.0,Med,N,24,10.0,86.0,9.7,1.74,6.6,N
965,362911,22.0,SupInc,N,0,1.0,31.0,10.1,0.7,2.44,S
966,363011,21.0,SupInc,N,0,1.0,44.0,6.3,1.29,1.48,N
967,363019,65.0,Bas,N,21,23.0,42.0,1.6,0.29,0.38,N
968,363142,24.0,SupInc,N,0,2.0,17.0,9.2,0.31,1.25,N
969,363175,25.0,SupCom,N,1,2.0,35.0,1.4,0.06,0.43,S
970,363198,32.0,SupCom,N,3,6.0,56.0,13.2,1.53,5.86,S
971,363246,21.0,SupInc,N,0,0.0,36.0,14.1,1.6,3.48,S
972,363280,23.0,SupCom,N,0,2.0,34.0,17.0,2.16,3.62,S
973,363302,40.0,SupInc,N,17,6.0,120.0,10.2,4.32,7.92,N
974,363329,44.0,Med,N,2,17.0,50.0,2.8,0.52,0.88,N
975,363388,39.0,SupCom,N,4,6.0,75.0,5.6,2.62,1.58,N
976,363447,26.0,SupInc,N,3,4.0,18.0,12.9,0.4,1.92,S
977,363476,25.0,Med,N,1,3.0,20.0,2.5,0.17,0.33,N
978,363504,28.0,Med,N,8,4.0,40.0,9.8,1.36,2.56,S
979,363544,43.0,SupCom,N,13,12.0,127.0,3.0,0.42,3.39,N
980,363681,28.0,Med,N,6,2.0,112.0,3.4,0.38,3.43,N
981,363785,40.0,Bas,N,16,7.0,33.0,23.3,2.02,5.67,S
982,363807,31.0,Bas,N,0,6.0,26.0,3.2,0.34,0.49,N
983,363822,29.0,SupInc,N,0,5.0,37.0,6.7,0.7,1.77,N
984,363832,54.0,Bas,N,13,18.0,105.0,13.6,1.63,12.65,N
985,363882,42.0,SupCom,N,9,9.0,49.0,7.3,1.15,2.43,S
986,363946,39.0,Med,N,14,7.0,94.0,30.2,10.5,17.88,S
987,363975,36.0,SupInc,N,10,7.0,101.0,13.1,7.24,5.99,S
988,364013,55.0,Posg,N,21,14.0,91.0,6.6,2.01,3.99,N
989,364037,21.0,Med,N,0,1.0,15.0,4.1,0.25,0.37,N
990,364057,49.0,SupInc,N,3,7.0,28.0,6.9,0.85,1.09,N
991,364071,50.0,SupCom,N,27,12.0,181.0,2.3,1.79,2.37,N
992,364125,22.0,SupCom,N,0,1.0,55.0,27.4,6.22,8.85,S
993,364211,33.0,Med,N,3,6.0,33.0,5.1,0.9,0.79,N
994,364304,39.0,SupCom,N,9,12.0,78.0,4.1,0.35,2.85,N
995,364366,26.0,SupInc,N,3,3.0,66.0,4.0,0.19,2.45,N
996,364418,23.0,Bas,N,5,1.0,48.0,18.0,1.05,7.59,S
997,364428,19.0,Med,N,0,0.0,31.0,10.6,0.99,2.29,S
998,364476,32.0,Med,N,7,3.0,33.0,24.6,4.14,3.98,S
999,364499,19.0,Med,N,0,0.0,19.0,5.4,0.37,0.65,S
1000,365041,33.0,Bas,N,9,4.0,22.0,14.6,0.73,2.48,N
1001,365043,55.0,Posg,N,11,16.0,88.0,12.9,5.11,6.24,N
1002,365079,21.0,Med,N,1,1.0,30.0,3.1,0.31,0.62,N
1003,365110,47.0,Med,N,10,10.0,39.0,6.7,0.22,2.39,N
1004,365120,24.0,Med,N,2,0.0,32.0,11.0,0.83,2.69,N
1005,365178,25.0,Med,N,5,2.0,36.0,2.7,0.53,0.44,N
1006,365216,34.0,SupCom,N,9,7.0,58.0,28.4,4.97,11.5,S
1007,365236,67.0,Med,N,7,25.0,58.0,11.4,1.59,5.03,N
1008,365265,51.0,Med,N,22,11.0,65.0,18.1,4.91,6.86,N
1009,365285,45.0,Med,N,26,12.0,100.0,7.5,1.7,5.81,N
1010,365288,24.0,SupInc,N,0,2.0,67.0,8.9,2.38,3.58,S
1011,365291,46.0,Med,N,23,14.0,99.0,3.2,1.81,1.36,N
1012,365383,53.0,SupCom,N,3,15.0,50.0,15.7,4.25,3.6,N
1013,365437,28.0,SupCom,N,1,4.0,175.0,19.4,7.03,26.92,S
1014,365442,21.0,SupInc,N,0,0.0,20.0,4.0,0.48,0.32,N
1015,365473,28.0,SupCom,N,2,3.0,47.0,12.1,0.43,5.25,S
1016,365477,51.0,SupInc,N,10,17.0,144.0,4.9,0.92,6.14,N
1017,365484,27.0,SupCom,N,1,4.0,38.0,8.2,0.62,2.5,N
1018,365507,18.0,Bas,N,1,0.0,15.0,8.4,0.74,0.52,S
1019,365536,62.0,Bas,N,32,19.0,86.0,6.3,3.97,1.45,N
1020,365579,30.0,Med,N,3,1.0,35.0,16.1,0.81,4.82,S
1021,365587,19.0,Med,N,0,0.0,21.0,8.1,0.69,1.01,N
1022,365613,76.0,SupInc,N,12,27.0,53.0,6.2,1.28,2.01,N
1023,365668,22.0,SupCom,N,0,1.0,19.0,7.4,0.78,0.63,S
1024,365683,26.0,Bas,N,10,4.0,43.0,5.2,0.89,1.35,N
1025,365719,18.0,Med,N,0,0.0,30.0,8.9,0.23,2.44,S
1026,365731,30.0,SupInc,N,3,2.0,23.0,6.5,0.28,1.22,S
1027,365743,36.0,Med,N,5,9.0,50.0,0.8,0.12,0.28,N
1028,365773,30.0,Med,N,5,6.0,36.0,4.7,0.77,0.92,N
1029,365817,42.0,Med,N,17,7.0,66.0,8.7,1.73,4.01,N
1030,365823,18.0,Med,N,0,0.0,30.0,3.8,0.57,0.57,N
1031,365839,28.0,SupCom,N,3,3.0,47.0,17.7,2.79,5.53,S
1032,365866,48.0,Med,N,22,16.0,196.0,10.5,7.41,13.17,S
1033,365869,42.0,Bas,N,1,10.0,32.0,7.2,0.69,1.62,S
1034,365873,33.0,SupCom,N,7,6.0,63.0,16.7,2.81,7.71,N
1035,365895,26.0,SupCom,N,1,3.0,35.0,7.0,1.21,1.24,N
1036,365943,24.0,SupCom,N,0,2.0,25.0,5.7,0.64,0.79,S
1037,365968,39.0,SupCom,N,4,6.0,84.0,3.4,0.41,2.45,N
1038,365987,19.0,Med,N,1,0.0,20.0,25.9,1.94,3.24,S
1039,366021,18.0,Med,N,0,0.0,27.0,6.1,0.92,0.73,N
1040,366054,23.0,SupCom,N,0,1.0,47.0,12.3,2.1,3.68,S
1041,366058,23.0,Bas,N,5,1.0,26.0,5.3,0.14,1.24,S
1042,366075,30.0,SupInc,N,1,4.0,26.0,8.0,1.18,0.9,N
1043,366079,59.0,Bas,N,3,14.0,44.0,16.6,5.47,1.83,S
1044,366080,37.0,Bas,N,0,8.0,36.0,16.1,1.99,3.81,S
1045,366109,35.0,Bas,N,16,6.0,93.0,4.7,2.86,1.51,N
1046,366221,23.0,Med,N,2,0.0,17.0,21.3,0.3,3.32,S
1047,366287,52.0,SupCom,N,2,18.0,48.0,5.4,1.4,1.19,N
1048,366299,19.0,Med,N,0,0.0,26.0,14.3,0.52,3.2,S
1049,366365,70.0,Med,N,33,17.0,150.0,13.3,5.17,14.78,N
1050,366382,30.0,SupCom,N,5,6.0,109.0,7.8,1.39,7.11,N
1051,366410,40.0,Bas,N,17,5.0,72.0,7.3,0.95,4.31,N
1052,366458,23.0,SupInc,N,2,2.0,39.0,16.6,1.64,4.83,N
1053,366486,26.0,Bas,N,5,3.0,24.0,7.9,0.33,1.56,N
1054,366563,33.0,SupInc,N,12,9.0,48.0,3.7,0.93,0.84,N
1055,366568,55.0,Med,N,4,19.0,59.0,22.0,6.83,6.15,S
1056,366585,46.0,Bas,N,5,9.0,40.0,4.5,0.98,0.82,N
1057,366610,32.0,Med,N,12,9.0,27.0,1.8,0.16,0.32,N
1058,366622,18.0,Med,N,0,0.0,35.0,12.3,0.87,3.44,N
1059,366635,18.0,Med,N,0,0.0,27.0,9.4,0.43,2.1,S
1060,366655,23.0,SupCom,N,0,2.0,33.0,2.9,0.23,0.72,N
1061,366658,41.0,Med,N,21,9.0,56.0,4.8,1.15,1.54,N
1062,366663,22.0,SupCom,N,0,1.0,21.0,11.8,0.67,1.81,N
1063,366664,33.0,Med,N,15,6.0,71.0,14.6,2.79,7.58,N
1064,366673,24.0,SupCom,N,0,1.0,128.0,8.9,3.55,7.84,S
1065,366716,23.0,SupInc,N,1,2.0,28.0,0.6,0.06,0.11,N
1066,366741,37.0,SupCom,N,3,8.0,41.0,14.4,2.03,3.87,N
1067,366753,43.0,Bas,N,4,9.0,26.0,12.9,1.53,1.82,N
1068,366756,31.0,SupInc,N,2,5.0,45.0,13.1,1.64,4.25,S
1069,366761,20.0,SupInc,N,0,1.0,28.0,8.6,0.2,2.21,N
1070,366765,24.0,Med,N,5,1.0,26.0,13.1,1.09,2.32,N
1071,366778,28.0,SupInc,N,4,3.0,23.0,4.9,0.55,0.58,S
1072,366795,53.0,SupCom,N,1,16.0,46.0,11.3,2.66,2.54,S
1073,366813,26.0,SupCom,N,1,2.0,63.0,11.9,0.94,6.55,S
1074,366819,21.0,Med,N,1,1.0,24.0,4.2,0.06,0.95,N
1075,366841,22.0,SupInc,N,1,1.0,29.0,15.8,2.94,1.64,S
1076,366853,44.0,SupCom,N,4,14.0,65.0,5.8,1.53,2.24,N
1077,366897,29.0,Med,N,6,5.0,27.0,6.3,0.13,1.57,N
1078,366953,28.0,SupInc,N,3,3.0,31.0,12.9,2.36,1.64,S
1079,366960,41.0,Med,N,4,11.0,56.0,7.3,2.56,1.53,N
1080,367033,64.0,Bas,N,36,15.0,145.0,6.6,3.27,6.3,N
1081,367052,44.0,SupCom,N,4,5.0,15.0,16.6,0.08,2.41,N
1082,367081,21.0,Med,N,1,1.0,23.0,9.5,0.14,2.05,N
1083,367082,50.0,Med,N,21,10.0,88.0,1.4,0.21,1.02,N
1084,367207,18.0,Med,N,0,0.0,20.0,19.0,1.33,2.47,S
1085,367213,29.0,Posg,N,0,4.0,40.0,12.5,2.03,2.98,S
1086,367238,38.0,Med,N,1,9.0,28.0,0.8,0.13,0.1,S
1087,367250,30.0,SupCom,N,1,5.0,65.0,13.4,4.55,4.16,S
1088,367263,27.0,Med,N,8,4.0,29.0,6.5,0.85,1.04,N
1089,367322,28.0,Bas,N,8,4.0,45.0,6.0,0.72,1.98,N
1090,367368,27.0,Med,N,9,3.0,31.0,6.3,0.27,1.69,N
1091,367383,67.0,Bas,N,40,24.0,88.0,6.3,1.42,4.12,N
1092,367435,36.0,SupCom,N,12,9.0,35.0,8.1,1.05,1.78,N
1093,367468,30.0,SupCom,N,3,4.0,38.0,11.9,0.8,3.73,N
1094,367471,29.0,SupInc,N,7,6.0,57.0,4.3,1.04,1.41,N
1095,367492,18.0,Med,N,0,0.0,20.0,16.7,0.46,2.88,S
1096,367497,46.0,Bas,N,20,14.0,48.0,2.7,0.94,0.36,N
1097,367502,38.0,Bas,N,6,10.0,24.0,16.8,0.56,3.48,S
1098,367569,23.0,SupInc,N,0,2.0,32.0,7.9,1.22,1.3,N
1099,367610,41.0,Posg,N,6,5.0,190.0,1.9,0.86,2.75,N
1100,370015,59.0,SupInc,N,7,20.0,92.0,7.5,3.06,3.84,N
1101,370057,64.0,Med,N,42,22.0,267.0,13.2,16.95,18.29,N
1102,370068,32.0,SupCom,N,7,6.0,71.0,19.5,4.13,9.72,S
1103,370095,32.0,SupInc,N,4,4.0,37.0,3.1,0.32,0.83,N
1104,370103,22.0,SupCom,N,0,1.0,28.0,19.8,0.44,5.1,S
1105,370112,21.0,Med,N,3,1.0,15.0,11.8,0.42,1.35,S
1106,370157,66.0,Med,N,18,24.0,70.0,2.8,1.0,0.96,N
1107,370165,18.0,Med,N,0,0.0,22.0,4.4,0.15,0.82,S
1108,370182,40.0,Med,N,16,11.0,53.0,1.2,0.42,0.21,N
1109,370209,21.0,SupInc,N,0,0.0,27.0,2.3,0.22,0.4,N
1110,370216,35.0,SupInc,N,2,7.0,27.0,0.8,0.1,0.11,N
1111,370237,18.0,Med,N,0,0.0,19.0,14.9,0.14,2.7,S
1112,370290,27.0,SupInc,N,3,2.0,38.0,9.7,0.44,3.24,S
1113,370297,54.0,SupInc,N,15,11.0,93.0,13.7,7.99,4.75,S
1114,370384,58.0,Med,N,2,20.0,31.0,3.3,0.5,0.52,N
1115,370404,43.0,SupInc,N,3,12.0,38.0,6.0,0.62,1.66,N
1116,370440,42.0,SupCom,N,6,14.0,49.0,14.7,2.85,4.36,N
1117,370446,26.0,SupCom,N,0,3.0,26.0,3.3,0.41,0.45,N
1118,370500,31.0,SupCom,N,8,6.0,47.0,24.6,5.98,5.58,S
1119,370619,18.0,Med,N,0,0.0,22.0,10.2,0.52,1.72,S
1120,370648,33.0,SupCom,N,4,4.0,136.0,10.1,5.56,8.17,S
1121,370650,46.0,SupInc,N,0,7.0,34.0,3.9,0.08,1.24,N
1122,370667,35.0,SupCom,N,6,9.0,81.0,6.8,2.84,2.67,N
1123,370672,68.0,SupInc,N,38,25.0,154.0,6.2,3.02,6.53,N
1124,370695,24.0,SupCom,N,0,2.0,45.0,6.7,0.82,2.19,N
1125,370721,46.0,SupCom,N,1,10.0,58.0,7.6,0.33,4.08,N
1126,370722,38.0,SupInc,N,12,9.0,86.0,2.4,0.87,1.19,N
1127,370730,43.0,Med,N,13,10.0,62.0,21.9,7.9,5.68,S
1128,370733,20.0,SupInc,N,0,0.0,27.0,1.0,0.11,0.16,S
1129,370775,23.0,SupCom,N,0,1.0,24.0,26.9,0.4,6.06,S
1130,370788,45.0,Bas,N,8,12.0,41.0,14.8,0.26,5.81,N
1131,370813,37.0,Bas,N,7,2.0,29.0,4.3,0.17,1.08,N
1132,370841,51.0,SupInc,N,29,14.0,285.0,16.6,14.81,32.5,N
1133,370856,18.0,Med,N,0,0.0,31.0,9.1,0.49,2.33,S
1134,370878,33.0,SupCom,N,2,6.0,66.0,3.1,0.83,1.21,N
1135,370896,37.0,SupCom,N,8,7.0,62.0,23.9,5.81,9.01,S
1136,370900,59.0,SupInc,N,22,22.0,84.0,16.0,1.85,11.59,N
1137,370913,57.0,Med,N,36,18.0,172.0,9.2,3.45,12.37,N
1138,370923,19.0,Med,N,0,0.0,39.0,4.4,0.73,0.99,N
1139,370970,44.0,Med,N,15,17.0,59.0,18.3,5.85,4.95,S
1140,371071,32.0,Med,N,0,4.0,35.0,18.1,1.14,5.19,S
1141,371139,38.0,SupInc,N,6,11.0,37.0,19.1,2.37,4.69,S
1142,371228,19.0,Med,N,0,0.0,17.0,12.4,0.34,1.77,S
1143,371240,21.0,SupInc,N,0,1.0,35.0,22.7,2.13,5.82,S
1144,371311,28.0,Bas,N,7,3.0,43.0,23.4,0.27,9.79,S
1145,371316,19.0,Med,N,0,0.0,30.0,24.3,0.53,6.76,S
1146,371328,48.0,Bas,N,0,12.0,28.0,2.6,0.12,0.61,N
1147,371340,46.0,Bas,N,15,13.0,95.0,15.4,6.69,7.94,N
1148,371388,30.0,Med,N,6,5.0,32.0,1.5,0.19,0.29,N
1149,371395,52.0,Bas,N,30,13.0,125.0,15.7,8.32,11.3,N
1150,371420,33.0,Med,N,3,3.0,36.0,18.0,2.18,4.3,N
1151,371423,36.0,SupCom,N,10,7.0,51.0,13.2,3.45,3.28,N
1152,371426,71.0,Med,N,13,10.0,59.0,24.4,2.66,11.73,N
1153,371473,40.0,SupCom,N,12,10.0,87.0,5.8,0.54,4.5,N
1154,371580,32.0,SupCom,N,5,5.0,87.0,10.4,0.46,8.59,N
1155,371656,32.0,Med,N,12,7.0,75.0,7.1,1.55,3.78,N
1156,371660,25.0,SupInc,N,1,3.0,16.0,4.5,0.39,0.33,N
1157,371716,36.0,SupCom,N,8,6.0,100.0,19.9,11.56,8.34,S
1158,371741,22.0,Med,N,0,1.0,18.0,3.5,0.33,0.3,N
1159,371761,35.0,Med,N,9,9.0,43.0,14.9,2.52,3.89,N
1160,371783,26.0,SupInc,N,4,1.0,23.0,8.2,0.35,1.54,N
1161,371803,51.0,Bas,N,23,10.0,47.0,2.2,0.34,0.69,N
1162,371809,20.0,SupInc,N,0,1.0,31.0,18.3,1.95,3.72,S
1163,371811,39.0,Med,N,7,10.0,56.0,10.9,4.07,2.03,S
1164,371824,33.0,Med,N,6,8.0,41.0,2.1,0.02,0.84,N
1165,371907,25.0,Med,N,6,0.0,18.0,16.3,1.86,1.07,S
1166,371910,43.0,SupInc,N,8,9.0,49.0,6.0,0.87,2.07,N
1167,371939,33.0,Posg,N,0,5.0,46.0,15.7,0.75,6.47,N
1168,371987,36.0,SupCom,N,8,8.0,58.0,17.2,1.28,8.7,N
1169,371988,33.0,SupCom,N,5,7.0,35.0,5.2,0.58,1.24,N
1170,372012,25.0,Med,N,5,2.0,18.0,12.6,0.11,2.15,S
1171,372041,40.0,SupInc,N,5,9.0,34.0,23.3,1.53,6.39,N
1172,372048,41.0,Med,N,14,9.0,76.0,18.0,9.18,4.5,S
1173,372086,28.0,Bas,N,4,4.0,20.0,13.6,0.53,2.19,N
1174,372090,19.0,Med,N,0,0.0,20.0,1.2,0.03,0.21,N
1175,372091,25.0,Med,N,7,3.0,27.0,7.6,0.23,1.82,N
1176,372120,46.0,Bas,N,6,5.0,37.0,31.6,2.34,9.35,S
1177,372126,43.0,SupInc,N,13,7.0,71.0,4.2,1.41,1.57,N
1178,372138,57.0,Bas,N,25,22.0,61.0,1.6,0.18,0.8,N
1179,372174,70.0,Bas,N,6,22.0,22.0,19.9,0.5,3.88,N
1180,372193,32.0,Med,N,7,2.0,40.0,6.2,0.51,1.97,N
1181,372218,18.0,Med,N,0,0.0,22.0,3.4,0.37,0.38,S
1182,372221,23.0,SupInc,N,1,1.0,42.0,1.3,0.17,0.38,N
1183,372227,36.0,Med,N,4,9.0,57.0,4.2,0.69,1.7,S
1184,372245,20.0,SupInc,N,0,0.0,27.0,5.1,0.53,0.85,N
1185,372258,29.0,Posg,N,2,3.0,25.0,12.0,1.13,1.87,S
1186,372266,22.0,Med,N,0,1.0,30.0,11.5,1.69,1.76,S
1187,372285,41.0,SupCom,N,6,7.0,87.0,3.7,1.02,2.2,N
1188,372317,26.0,Med,N,4,3.0,22.0,6.7,0.03,1.44,N
1189,372406,40.0,Bas,N,3,11.0,21.0,5.3,0.09,1.02,N
1190,372407,46.0,SupInc,N,12,12.0,111.0,5.8,1.09,5.34,N
1191,372420,42.0,SupInc,N,19,2.0,24.0,15.1,2.0,1.62,N
1192,372447,20.0,SupInc,N,0,0.0,21.0,15.1,1.26,1.91,S
1193,372450,22.0,SupCom,N,0,1.0,51.0,8.7,1.07,3.37,S
1194,372485,20.0,SupInc,N,0,0.0,13.0,1.1,0.05,0.09,N
1195,372496,24.0,SupCom,N,1,2.0,36.0,13.0,1.0,3.68,S
1196,372514,72.0,Med,N,48,30.0,233.0,28.8,18.25,48.85,N
1197,372545,51.0,Med,N,9,19.0,82.0,14.6,1.5,10.48,N
1198,372551,57.0,Posg,N,31,23.0,1079.0,1.4,1.96,13.14,N
1199,372571,33.0,SupInc,N,3,9.0,26.0,12.8,0.92,2.41,N
